"id","external_ids","event_time","ingested_at","first_seen","last_seen","location_geog","city","street_name","road_number","road_type_code","accident_type","accident_subtype","cause_primary","cause_secondary","severity","fatalities_count","serious_injuries","minor_injuries","persons_involved","vehicles_involved","damage_czk","damage_category","weather_condition","road_surface","light_condition","road_condition","vehicle_types","alcohol_involved","drugs_involved","alcohol_level","quality_score","raw","segment_id"
100,"{""police_cr"": ""060225000074""}","2025-01-22 10:51:00+00","2026-03-22 14:59:41.597227+00","2026-03-22 14:59:41.597227+00","2026-03-23 15:41:51.207968+00","0101000020E610000030CFF563A2A2304076F2EDCFC8974840","Brno","Charbulova","","street","srážka - s jedoucím nekolejovým vozidlem","z boku","proti příkazu dopravní značky - DEJ PŘEDNOST","řidičem - motorového vozidla","minor",0,0,1,NULL,3,40000,NULL,"neztížené","povrch suchý - neznečištěný","ve dne - viditelnost nezhoršená vlivem povětrnostních podmínek","dobrý, bez závad",NULL,False,False,NULL,100,"{""year"": ""2025"", ""source"": ""police-cr"", ""locality"": ""v obci"", ""priority"": ""přednost vyznačena dopravními značkami"", ""direction"": ""křižovatka styková - tříramenná"", ""unit_code"": ""16"", ""visibility"": ""dobré"", ""animal_type"": ""nejde o srážku se zvěří/zvířetem"", ""region_code"": ""06"", ""intersection"": ""na kžižovatce - jedná-li se o křížení místních komunikací, účelových komunikací nebo jde o mezilehlou křižovatku (na sledovaném úseku ve sledovaných městech)"", ""district_code"": ""02"", ""obstacle_type"": ""nepříchází v úvahu - nejedná se o srážku s pevnou překážkou"", ""road_division"": ""dvoupruhová"", ""road_position"": ""na jízdním pruhu"", ""specific_place"": ""žádné nebo žádné z uvedených"", ""traffic_control"": ""místní úprava"", ""intersecting_road"": ""6"", ""road_surface_type"": ""živice"", ""accident_character"": ""nehoda - s následky na životě""}",22870
101,"{""police_cr"": ""060225000352""}","2025-03-23 18:20:00+00","2026-03-22 14:59:41.609903+00","2026-03-22 14:59:41.609903+00","2026-03-23 15:41:51.231121+00","0101000020E610000026B4AD6A6993304040D12741139C4840","Brno","Královopolská","","street","jiný druh nehody","nepřichází v úvahu - nejedná se o srážku jedoucích vozidel","proti příkazu dopravní značky - DEJ PŘEDNOST","řidičem - motorového vozidla","minor",0,0,1,NULL,2,0,NULL,"neztížené","povrch suchý - neznečištěný","v noci - s veřejným osvětlením, viditelnost nezhoršená vlivem povětrnostních podmínek","dobrý, bez závad",NULL,False,False,NULL,100,"{""year"": ""2025"", ""source"": ""police-cr"", ""locality"": ""v obci"", ""priority"": ""přednost vyznačena dopravními značkami"", ""direction"": ""křižovatka styková - tříramenná"", ""unit_code"": ""11"", ""visibility"": ""dobré"", ""animal_type"": ""nejde o srážku se zvěří/zvířetem"", ""region_code"": ""06"", ""intersection"": ""na kžižovatce - jedná-li se o křížení místních komunikací, účelových komunikací nebo jde o mezilehlou křižovatku (na sledovaném úseku ve sledovaných městech)"", ""district_code"": ""02"", ""obstacle_type"": ""nepříchází v úvahu - nejedná se o srážku s pevnou překážkou"", ""road_division"": ""čtyřpruhová s dělící čarou"", ""road_position"": ""na jízdním pruhu"", ""specific_place"": ""žádné nebo žádné z uvedených"", ""traffic_control"": ""místní úprava"", ""intersecting_road"": ""6"", ""road_surface_type"": ""živice"", ""accident_character"": ""nehoda - s následky na životě""}",11062
102,"{""police_cr"": ""060225000107""}","2025-01-30 04:16:00+00","2026-03-22 14:59:41.627038+00","2026-03-22 14:59:41.627038+00","2026-03-23 15:41:51.270083+00","0101000020E610000054E3E88A80A5304001AFCC6B00994840","Brno","Otakara Ševčíka","","street","srážka - s jedoucím nekolejovým vozidlem","z boku","při odbočování vlevo","řidičem - motorového vozidla","minor",0,0,2,NULL,2,360000,NULL,"neztížené","povrch suchý - neznečištěný","v noci - s veřejným osvětlením, viditelnost nezhoršená vlivem povětrnostních podmínek","dobrý, bez závad",NULL,False,False,NULL,100,"{""year"": ""2025"", ""source"": ""police-cr"", ""locality"": ""v obci"", ""priority"": ""přednost vyznačena dopravními značkami"", ""direction"": ""křižovatka průsečná - čtyřramenná"", ""unit_code"": ""13"", ""visibility"": ""dobré"", ""animal_type"": ""nejde o srážku se zvěří/zvířetem"", ""region_code"": ""06"", ""intersection"": ""na kžižovatce - jedná-li se o křížení místních komunikací, účelových komunikací nebo jde o mezilehlou křižovatku (na sledovaném úseku ve sledovaných městech)"", ""district_code"": ""02"", ""obstacle_type"": ""nepříchází v úvahu - nejedná se o srážku s pevnou překážkou"", ""road_division"": ""čtyřpruhová s dělícím pásem"", ""road_position"": ""na jízdním pruhu"", ""specific_place"": ""žádné nebo žádné z uvedených"", ""traffic_control"": ""světelným signalizačním zařízením"", ""intersecting_road"": ""6"", ""road_surface_type"": ""živice"", ""accident_character"": ""nehoda - s následky na životě""}",17931
103,"{""police_cr"": ""060225000076""}","2025-01-22 23:00:00+00","2026-03-22 14:59:41.641038+00","2026-03-22 14:59:41.641038+00","2026-03-23 15:41:51.283974+00","0101000020E6100000B6DC0DB6119530401651128421964840","Brno","Uzbecká","","street","srážka - s vozidlem zaparkovaným, odstaveným","nepřichází v úvahu - nejedná se o srážku jedoucích vozidel","řidič se plně nevěnoval řízení vozidla","řidičem - motorového vozidla","property_damage",0,0,0,NULL,2,40000,NULL,"neztížené","povrch suchý - neznečištěný","ve dne - viditelnost nezhoršená vlivem povětrnostních podmínek","dobrý, bez závad",NULL,False,False,NULL,100,"{""year"": ""2025"", ""source"": ""police-cr"", ""locality"": ""v obci"", ""priority"": ""žádná místní úprava"", ""direction"": ""přímý úsek"", ""unit_code"": ""18"", ""visibility"": ""dobré"", ""animal_type"": ""nejde o srážku se zvěří/zvířetem"", ""region_code"": ""06"", ""intersection"": ""mimo křižovatku"", ""district_code"": ""02"", ""obstacle_type"": ""nepříchází v úvahu - nejedná se o srážku s pevnou překážkou"", ""road_division"": ""dvoupruhová"", ""road_position"": ""na jízdním pruhu"", ""specific_place"": ""parkoviště přiléhající ke komunikaci"", ""traffic_control"": ""žádný způsob řízení provozu"", ""road_surface_type"": ""živice"", ""accident_character"": ""nehoda - pouze s hmotnou škodou""}",7931
104,"{""police_cr"": ""064225000003""}","2025-01-20 21:30:00+00","2026-03-22 14:59:41.650785+00","2026-03-22 14:59:41.650785+00","2026-03-23 15:41:51.305137+00","0101000020E6100000EBB518A705A130407A6EE83768944840","Brno",NULL,"1","freeway","srážka - s jedoucím nekolejovým vozidlem","boční","při přejíždění z jednoho jízdního pruhu do druhého","řidičem - motorového vozidla","property_damage",0,0,0,NULL,2,10000,NULL,"neztížené","povrch suchý - neznečištěný","v noci - s veřejným osvětlením, viditelnost nezhoršená vlivem povětrnostních podmínek","dobrý, bez závad",NULL,False,False,NULL,100,"{""year"": ""2025"", ""source"": ""police-cr"", ""locality"": ""mimo obec"", ""priority"": ""žádná místní úprava"", ""direction"": ""přímý úsek"", ""unit_code"": ""12"", ""visibility"": ""dobré"", ""animal_type"": ""nejde o srážku se zvěří/zvířetem"", ""region_code"": ""06"", ""intersection"": ""mimo křižovatku"", ""district_code"": ""02"", ""obstacle_type"": ""nepříchází v úvahu - nejedná se o srážku s pevnou překážkou"", ""road_division"": ""vícepruhová"", ""road_position"": ""na jízdním pruhu"", ""specific_place"": ""žádné nebo žádné z uvedených"", ""traffic_control"": ""žádný způsob řízení provozu"", ""road_surface_type"": ""živice"", ""accident_character"": ""nehoda - pouze s hmotnou škodou""}",23524
106,"{""police_cr"": ""060225000075""}","2025-01-22 07:03:00+00","2026-03-22 14:59:41.673673+00","2026-03-22 14:59:41.673673+00","2026-03-23 15:41:51.367461+00","0101000020E61000000A7A10526E883040D5D1D877DF9C4840","Brno",NULL,"","street","srážka - s vozidlem zaparkovaným, odstaveným","nepřichází v úvahu - nejedná se o srážku jedoucích vozidel","jiný druh nesprávného způsobu jízdy","řidičem - motorového vozidla","property_damage",0,0,0,NULL,2,50000,NULL,"neztížené","povrch suchý - neznečištěný","ve dne - viditelnost nezhoršená vlivem povětrnostních podmínek","dobrý, bez závad",NULL,False,False,NULL,100,"{""year"": ""2025"", ""source"": ""police-cr"", ""locality"": ""v obci"", ""priority"": ""přednost vyznačena dopravními značkami"", ""direction"": ""přímý úsek"", ""unit_code"": ""19"", ""visibility"": ""dobré"", ""animal_type"": ""nejde o srážku se zvěří/zvířetem"", ""region_code"": ""06"", ""intersection"": ""mimo křižovatku"", ""district_code"": ""02"", ""obstacle_type"": ""nepříchází v úvahu - nejedná se o srážku s pevnou překážkou"", ""road_division"": ""žádná z uvedených"", ""road_position"": ""na jízdním pruhu"", ""specific_place"": ""parkoviště přiléhající ke komunikaci"", ""traffic_control"": ""místní úprava"", ""road_surface_type"": ""živice"", ""accident_character"": ""nehoda - pouze s hmotnou škodou""}",10737
107,"{""police_cr"": ""064225000009""}","2025-02-11 10:50:00+00","2026-03-22 14:59:41.692662+00","2026-03-22 14:59:41.692662+00","2026-03-23 15:41:51.384651+00","0101000020E6100000BC69B5C07B973040E67C163193944840","Brno",NULL,"1","freeway","srážka - s jedoucím nekolejovým vozidlem","zezadu","nedodržení bezpečné vzdálenosti za vozidlem","řidičem - motorového vozidla","minor",0,0,1,NULL,2,150000,NULL,"neztížené","povrch suchý - neznečištěný","ve dne - viditelnost nezhoršená vlivem povětrnostních podmínek","dobrý, bez závad",NULL,False,False,NULL,100,"{""year"": ""2025"", ""source"": ""police-cr"", ""locality"": ""mimo obec"", ""priority"": ""žádná místní úprava"", ""direction"": ""přímý úsek"", ""unit_code"": ""18"", ""visibility"": ""dobré"", ""animal_type"": ""nejde o srážku se zvěří/zvířetem"", ""region_code"": ""06"", ""intersection"": ""mimo křižovatku"", ""district_code"": ""02"", ""obstacle_type"": ""nepříchází v úvahu - nejedná se o srážku s pevnou překážkou"", ""road_division"": ""čtyřpruhová s dělícím pásem"", ""road_position"": ""na jízdním pruhu"", ""specific_place"": ""žádné nebo žádné z uvedených"", ""traffic_control"": ""žádný způsob řízení provozu"", ""road_surface_type"": ""živice"", ""accident_character"": ""nehoda - s následky na životě""}",5868
109,"{""police_cr"": ""060225000090""}","2025-01-26 12:48:00+00","2026-03-22 14:59:41.719615+00","2026-03-22 14:59:41.719615+00","2026-03-23 15:41:51.413478+00","0101000020E61000003BA8EF00BD8430409A8D9E6A469E4840","Brno","Hrázní","","street","srážka - s pevnou překážkou","nepřichází v úvahu - nejedná se o srážku jedoucích vozidel","nepřizpůsobení rychlosti - dopravně technickému stavu vozovky (zatáčka, klesání, stoupání, šířka vozovky apod.)","řidičem - motorového vozidla","minor",0,0,1,NULL,1,75000,NULL,"neztížené","povrch mokrý","ve dne - viditelnost nezhoršená vlivem povětrnostních podmínek","dobrý, bez závad",NULL,False,False,NULL,100,"{""year"": ""2025"", ""source"": ""police-cr"", ""locality"": ""v obci"", ""priority"": ""žádná místní úprava"", ""direction"": ""zatáčka"", ""unit_code"": ""19"", ""visibility"": ""dobré"", ""animal_type"": ""nejde o srážku se zvěří/zvířetem"", ""region_code"": ""06"", ""intersection"": ""mimo křižovatku"", ""district_code"": ""02"", ""obstacle_type"": ""odrazník, patník, - sloupek směrový, sloupek dopravní značky apod."", ""road_division"": ""dvoupruhová"", ""road_position"": ""mimo komunikaci"", ""specific_place"": ""žádné nebo žádné z uvedených"", ""traffic_control"": ""žádný způsob řízení provozu"", ""road_surface_type"": ""živice"", ""accident_character"": ""nehoda - s následky na životě""}",10560
110,"{""police_cr"": ""060225000468""}","2025-04-14 14:55:00+00","2026-03-22 14:59:41.728626+00","2026-03-22 14:59:41.728626+00","2026-03-23 15:41:51.424036+00","0101000020E6100000B4F612383B943040F719F0842B9B4840","Brno",NULL,"","street","srážka - s jedoucím nekolejovým vozidlem","zezadu","řidič se plně nevěnoval řízení vozidla","řidičem - nemotorového vozidla","minor",0,0,1,NULL,2,30000,NULL,"neztížené","povrch suchý - neznečištěný","ve dne - viditelnost nezhoršená vlivem povětrnostních podmínek","dobrý, bez závad",NULL,False,False,NULL,100,"{""year"": ""2025"", ""source"": ""police-cr"", ""locality"": ""v obci"", ""priority"": ""žádná místní úprava"", ""direction"": ""přímý úsek"", ""unit_code"": ""11"", ""visibility"": ""dobré"", ""animal_type"": ""nejde o srážku se zvěří/zvířetem"", ""region_code"": ""06"", ""intersection"": ""mimo křižovatku"", ""district_code"": ""02"", ""obstacle_type"": ""nepříchází v úvahu - nejedná se o srážku s pevnou překážkou"", ""road_division"": ""dvoupruhová"", ""road_position"": ""na jízdním pruhu"", ""specific_place"": ""žádné nebo žádné z uvedených"", ""traffic_control"": ""žádný způsob řízení provozu"", ""road_surface_type"": ""živice"", ""accident_character"": ""nehoda - s následky na životě""}",14629
111,"{""police_cr"": ""060225000089""}","2025-01-25 23:00:00+00","2026-03-22 14:59:41.740123+00","2026-03-22 14:59:41.740123+00","2026-03-23 15:41:51.457316+00","0101000020E61000002E5DCEB9079A304067593DB9B0964840","Brno",NULL,"","parking_rest","srážka - s vozidlem zaparkovaným, odstaveným","nepřichází v úvahu - nejedná se o srážku jedoucích vozidel","řidič se plně nevěnoval řízení vozidla","řidičem - motorového vozidla","property_damage",0,0,0,NULL,2,10000,NULL,"neztížené","povrch suchý - neznečištěný","ve dne - viditelnost nezhoršená vlivem povětrnostních podmínek","dobrý, bez závad",NULL,False,False,NULL,100,"{""year"": ""2025"", ""source"": ""police-cr"", ""locality"": ""v obci"", ""priority"": ""žádná místní úprava"", ""direction"": ""přímý úsek"", ""unit_code"": ""18"", ""visibility"": ""dobré"", ""animal_type"": ""nejde o srážku se zvěří/zvířetem"", ""region_code"": ""06"", ""intersection"": ""mimo křižovatku"", ""district_code"": ""02"", ""obstacle_type"": ""nepříchází v úvahu - nejedná se o srážku s pevnou překážkou"", ""road_division"": ""žádná z uvedených"", ""road_position"": ""na jízdním pruhu"", ""specific_place"": ""žádné nebo žádné z uvedených"", ""traffic_control"": ""žádný způsob řízení provozu"", ""road_surface_type"": ""dlažba"", ""accident_character"": ""nehoda - pouze s hmotnou škodou""}",6682
112,"{""police_cr"": ""060225000088""}","2025-01-23 23:00:00+00","2026-03-22 14:59:41.751225+00","2026-03-22 14:59:41.751225+00","2026-03-23 15:41:51.490653+00","0101000020E61000007B988A0E7F9530409DB84D6857954840","Brno","Arménská","","street","srážka - s vozidlem zaparkovaným, odstaveným","nepřichází v úvahu - nejedná se o srážku jedoucích vozidel","řidič se plně nevěnoval řízení vozidla","řidičem - motorového vozidla","property_damage",0,0,0,NULL,2,50000,NULL,"neztížené","povrch suchý - neznečištěný","v noci - s veřejným osvětlením, viditelnost nezhoršená vlivem povětrnostních podmínek","dobrý, bez závad",NULL,False,False,NULL,100,"{""year"": ""2025"", ""source"": ""police-cr"", ""locality"": ""v obci"", ""priority"": ""žádná místní úprava"", ""direction"": ""přímý úsek"", ""unit_code"": ""18"", ""visibility"": ""dobré"", ""animal_type"": ""nejde o srážku se zvěří/zvířetem"", ""region_code"": ""06"", ""intersection"": ""mimo křižovatku"", ""district_code"": ""02"", ""obstacle_type"": ""nepříchází v úvahu - nejedná se o srážku s pevnou překážkou"", ""road_division"": ""dvoupruhová"", ""road_position"": ""na jízdním pruhu"", ""specific_place"": ""parkoviště přiléhající ke komunikaci"", ""traffic_control"": ""žádný způsob řízení provozu"", ""road_surface_type"": ""živice"", ""accident_character"": ""nehoda - pouze s hmotnou škodou""}",5739
113,"{""police_cr"": ""060225000087""}","2025-01-24 23:00:00+00","2026-03-22 14:59:41.762324+00","2026-03-22 14:59:41.762324+00","2026-03-23 15:41:51.501296+00","0101000020E61000001AC8084059A130401C48FADAB89D4840","Brno","Seifertova","","street","srážka - s vozidlem zaparkovaným, odstaveným","nepřichází v úvahu - nejedná se o srážku jedoucích vozidel","řidič se plně nevěnoval řízení vozidla","řidičem - motorového vozidla","property_damage",0,0,0,NULL,2,40000,NULL,"neztížené","povrch suchý - neznečištěný","v noci - s veřejným osvětlením, viditelnost nezhoršená vlivem povětrnostních podmínek","dobrý, bez závad",NULL,False,False,NULL,100,"{""year"": ""2025"", ""source"": ""police-cr"", ""locality"": ""v obci"", ""priority"": ""žádná místní úprava"", ""direction"": ""přímý úsek"", ""unit_code"": ""12"", ""visibility"": ""dobré"", ""animal_type"": ""nejde o srážku se zvěří/zvířetem"", ""region_code"": ""06"", ""intersection"": ""mimo křižovatku"", ""district_code"": ""02"", ""obstacle_type"": ""nepříchází v úvahu - nejedná se o srážku s pevnou překážkou"", ""road_division"": ""dvoupruhová"", ""road_position"": ""na jízdním pruhu"", ""specific_place"": ""parkoviště přiléhající ke komunikaci"", ""traffic_control"": ""žádný způsob řízení provozu"", ""road_surface_type"": ""živice"", ""accident_character"": ""nehoda - pouze s hmotnou škodou""}",20378
114,"{""police_cr"": ""060225000078""}","2025-01-24 11:30:00+00","2026-03-22 14:59:41.773511+00","2026-03-22 14:59:41.773511+00","2026-03-23 15:41:51.512388+00","0101000020E6100000493F03BD2A9530405C12D8993D9C4840","Brno","Šumavská","","street","srážka - s jedoucím nekolejovým vozidlem","z boku","při odbočování vlevo","řidičem - motorového vozidla","minor",0,0,2,NULL,2,300000,NULL,"neztížené","povrch suchý - neznečištěný","ve dne - viditelnost nezhoršená vlivem povětrnostních podmínek","dobrý, bez závad",NULL,False,False,NULL,100,"{""year"": ""2025"", ""source"": ""police-cr"", ""locality"": ""v obci"", ""priority"": ""přednost nevyznačena - vyplývá z pravidel silníčního provozu"", ""direction"": ""křižovatka průsečná - čtyřramenná"", ""unit_code"": ""11"", ""visibility"": ""dobré"", ""animal_type"": ""nejde o srážku se zvěří/zvířetem"", ""region_code"": ""06"", ""intersection"": ""na kžižovatce - jedná-li se o křížení místních komunikací, účelových komunikací nebo jde o mezilehlou křižovatku (na sledovaném úseku ve sledovaných městech)"", ""district_code"": ""02"", ""obstacle_type"": ""nepříchází v úvahu - nejedná se o srážku s pevnou překážkou"", ""road_division"": ""čtyřpruhová s dělícím pásem"", ""road_position"": ""na jízdním pruhu"", ""specific_place"": ""přechod pro chodce"", ""traffic_control"": ""světelným signalizačním zařízením"", ""intersecting_road"": ""6"", ""road_surface_type"": ""živice"", ""accident_character"": ""nehoda - s následky na životě""}",11164
115,"{""police_cr"": ""060225000079""}","2025-01-24 11:30:00+00","2026-03-22 14:59:41.787009+00","2026-03-22 14:59:41.787009+00","2026-03-23 15:41:51.524333+00","0101000020E6100000A89B8E51869230409730E79A6C9B4840","Brno","Horova","","street","srážka - s tramvají","zezadu","řidič se plně nevěnoval řízení vozidla","řidičem - motorového vozidla","property_damage",0,0,0,NULL,2,70000,NULL,"neztížené","povrch suchý - neznečištěný","ve dne - viditelnost nezhoršená vlivem povětrnostních podmínek","dobrý, bez závad",NULL,False,False,NULL,100,"{""year"": ""2025"", ""source"": ""police-cr"", ""locality"": ""v obci"", ""priority"": ""žádná místní úprava"", ""direction"": ""přímý úsek"", ""unit_code"": ""11"", ""visibility"": ""dobré"", ""animal_type"": ""nejde o srážku se zvěří/zvířetem"", ""region_code"": ""06"", ""intersection"": ""mimo křižovatku"", ""district_code"": ""02"", ""obstacle_type"": ""nepříchází v úvahu - nejedná se o srážku s pevnou překážkou"", ""road_division"": ""dvoupruhová"", ""road_position"": ""na kolejích tramvaje"", ""specific_place"": ""žádné nebo žádné z uvedených"", ""traffic_control"": ""žádný způsob řízení provozu"", ""road_surface_type"": ""živice"", ""accident_character"": ""nehoda - pouze s hmotnou škodou""}",14908
116,"{""police_cr"": ""060225000081""}","2025-01-21 23:00:00+00","2026-03-22 14:59:41.798538+00","2026-03-22 14:59:41.798538+00","2026-03-23 15:41:51.534847+00","0101000020E61000002B223D6911AC3040F31C3E0CC5984840","Brno","Úlehlova","","street","srážka - s pevnou překážkou","nepřichází v úvahu - nejedná se o srážku jedoucích vozidel","řidič se plně nevěnoval řízení vozidla","řidičem - motorového vozidla","property_damage",0,0,0,NULL,1,10000,NULL,"neztížené","povrch suchý - neznečištěný","ve dne - viditelnost nezhoršená vlivem povětrnostních podmínek","dobrý, bez závad",NULL,False,False,NULL,100,"{""year"": ""2025"", ""source"": ""police-cr"", ""locality"": ""v obci"", ""priority"": ""žádná místní úprava"", ""direction"": ""přímý úsek"", ""unit_code"": ""13"", ""visibility"": ""dobré"", ""animal_type"": ""nejde o srážku se zvěří/zvířetem"", ""region_code"": ""06"", ""intersection"": ""mimo křižovatku"", ""district_code"": ""02"", ""obstacle_type"": ""jiná překážka - (zábradlí, oplocení, násep, nástupní ostrůvek apod.)"", ""road_division"": ""dvoupruhová"", ""road_position"": ""na jízdním pruhu"", ""specific_place"": ""žádné nebo žádné z uvedených"", ""traffic_control"": ""žádný způsob řízení provozu"", ""road_surface_type"": ""živice"", ""accident_character"": ""nehoda - pouze s hmotnou škodou""}",18179
117,"{""police_cr"": ""060225000082""}","2025-01-24 20:45:00+00","2026-03-22 14:59:41.808487+00","2026-03-22 14:59:41.808487+00","2026-03-23 15:41:51.568541+00","0101000020E61000000C3DD43728983040CB8C83A15A9D4840","Brno","Božetěchova","","street","srážka - s pevnou překážkou","nepřichází v úvahu - nejedná se o srážku jedoucích vozidel","řidič se plně nevěnoval řízení vozidla","řidičem - motorového vozidla","minor",0,0,1,NULL,1,35000,NULL,"neztížené","povrch suchý - neznečištěný","v noci - s veřejným osvětlením, viditelnost nezhoršená vlivem povětrnostních podmínek","dobrý, bez závad",NULL,False,False,NULL,100,"{""year"": ""2025"", ""source"": ""police-cr"", ""locality"": ""v obci"", ""priority"": ""žádná místní úprava"", ""direction"": ""přímý úsek"", ""unit_code"": ""14"", ""visibility"": ""dobré"", ""animal_type"": ""nejde o srážku se zvěří/zvířetem"", ""region_code"": ""06"", ""intersection"": ""mimo křižovatku"", ""district_code"": ""02"", ""obstacle_type"": ""jiná překážka - (zábradlí, oplocení, násep, nástupní ostrůvek apod.)"", ""road_division"": ""žádná z uvedených"", ""road_position"": ""na jízdním pruhu"", ""specific_place"": ""žádné nebo žádné z uvedených"", ""traffic_control"": ""žádný způsob řízení provozu"", ""road_surface_type"": ""živice"", ""accident_character"": ""nehoda - s následky na životě""}",12965
118,"{""police_cr"": ""060225000084""}","2025-01-25 08:50:00+00","2026-03-22 14:59:41.820077+00","2026-03-22 14:59:41.820077+00","2026-03-23 15:41:51.602498+00","0101000020E6100000A2834928558130403CE3B2B66E974840","Brno","Stará dálnice","3844","tertiary","havárie","nepřichází v úvahu - nejedná se o srážku jedoucích vozidel","nepřizpůsobení rychlosti - stavu vozovky (náledí, výtluky, bláto, mokrý povrch apod.)","řidičem - motorového vozidla","minor",0,0,1,NULL,1,50000,NULL,"mlha","povrch mokrý","ve dne - zhoršená viditelnost vlivem povětrnostních podmínek (mlha, sněžení, déšť apod.)","dobrý, bez závad",NULL,False,False,NULL,100,"{""year"": ""2025"", ""source"": ""police-cr"", ""locality"": ""mimo obec"", ""priority"": ""žádná místní úprava"", ""direction"": ""přímý úsek"", ""unit_code"": ""18"", ""visibility"": ""dobré"", ""animal_type"": ""nejde o srážku se zvěří/zvířetem"", ""region_code"": ""06"", ""intersection"": ""mimo křižovatku"", ""district_code"": ""02"", ""obstacle_type"": ""nepříchází v úvahu - nejedná se o srážku s pevnou překážkou"", ""road_division"": ""dvoupruhová"", ""road_position"": ""na jízdním pruhu"", ""specific_place"": ""žádné nebo žádné z uvedených"", ""traffic_control"": ""žádný způsob řízení provozu"", ""road_surface_type"": ""živice"", ""accident_character"": ""nehoda - s následky na životě""}",9326
119,"{""police_cr"": ""060225000085""}","2025-01-25 13:40:00+00","2026-03-22 14:59:41.830718+00","2026-03-22 14:59:41.830718+00","2026-03-23 15:41:51.613601+00","0101000020E61000008BAE8D7771953040606087F529964840","Brno","Dlouhá","","street","havárie","nepřichází v úvahu - nejedná se o srážku jedoucích vozidel","řidič se plně nevěnoval řízení vozidla","řidičem - motorového vozidla","minor",0,0,1,NULL,1,10000,NULL,"neztížené","povrch mokrý","ve dne - viditelnost nezhoršená vlivem povětrnostních podmínek","dobrý, bez závad",NULL,False,False,NULL,100,"{""year"": ""2025"", ""source"": ""police-cr"", ""locality"": ""v obci"", ""priority"": ""žádná místní úprava"", ""direction"": ""přímý úsek"", ""unit_code"": ""18"", ""visibility"": ""dobré"", ""animal_type"": ""nejde o srážku se zvěří/zvířetem"", ""region_code"": ""06"", ""intersection"": ""mimo křižovatku"", ""district_code"": ""02"", ""obstacle_type"": ""nepříchází v úvahu - nejedná se o srážku s pevnou překážkou"", ""road_division"": ""čtyřpruhová s dělící čarou"", ""road_position"": ""na jízdním pruhu"", ""specific_place"": ""v blízkosti přechodu pro chodce (do vzdálenosti 20 m)"", ""traffic_control"": ""žádný způsob řízení provozu"", ""road_surface_type"": ""živice"", ""accident_character"": ""nehoda - s následky na životě""}",7911
120,"{""police_cr"": ""060225000086""}","2025-01-25 17:15:00+00","2026-03-22 14:59:41.842463+00","2026-03-22 14:59:41.842463+00","2026-03-23 15:41:51.624932+00","0101000020E610000060ED425C489F3040F03C76F58B974840","Brno","Dornych","","street","srážka - s pevnou překážkou","nepřichází v úvahu - nejedná se o srážku jedoucích vozidel","nezvládnutí řízení vozidla","řidičem - motorového vozidla","minor",0,0,2,NULL,1,88000,NULL,"neztížené","povrch suchý - neznečištěný","v noci - s veřejným osvětlením, viditelnost nezhoršená vlivem povětrnostních podmínek","dobrý, bez závad",NULL,False,False,NULL,100,"{""year"": ""2025"", ""source"": ""police-cr"", ""locality"": ""v obci"", ""priority"": ""žádná místní úprava"", ""direction"": ""přímý úsek"", ""unit_code"": ""16"", ""visibility"": ""dobré"", ""animal_type"": ""nejde o srážku se zvěří/zvířetem"", ""region_code"": ""06"", ""intersection"": ""mimo křižovatku"", ""district_code"": ""02"", ""obstacle_type"": ""strom"", ""road_division"": ""čtyřpruhová s dělící čarou"", ""road_position"": ""na jízdním pruhu"", ""specific_place"": ""žádné nebo žádné z uvedených"", ""traffic_control"": ""žádný způsob řízení provozu"", ""road_surface_type"": ""živice"", ""accident_character"": ""nehoda - s následky na životě""}",7048