"id","external_ids","event_time","ingested_at","first_seen","last_seen","location_geog","city","street_name","road_number","road_type_code","accident_type","accident_subtype","cause_primary","cause_secondary","severity","fatalities_count","serious_injuries","minor_injuries","persons_involved","vehicles_involved","damage_czk","damage_category","weather_condition","road_surface","light_condition","road_condition","vehicle_types","alcohol_involved","drugs_involved","alcohol_level","quality_score","raw","segment_id"
151,"{""police_cr"": ""060225000114""}","2025-01-29 23:00:00+00","2026-03-22 14:59:42.198186+00","2026-03-22 14:59:42.198186+00","2026-03-23 15:41:52.314438+00","0101000020E610000054FE3D406A9E3040028C92C6BA9D4840","Brno","Loosova","","street","srážka - s vozidlem zaparkovaným, odstaveným","nepřichází v úvahu - nejedná se o srážku jedoucích vozidel","řidič se plně nevěnoval řízení vozidla","řidičem - motorového vozidla","property_damage",0,0,0,NULL,2,20000,NULL,"neztížené","povrch suchý - neznečištěný","ve dne - viditelnost nezhoršená vlivem povětrnostních podmínek","dobrý, bez závad",NULL,False,False,NULL,100,"{""year"": ""2025"", ""source"": ""police-cr"", ""locality"": ""v obci"", ""priority"": ""žádná místní úprava"", ""direction"": ""přímý úsek"", ""unit_code"": ""12"", ""visibility"": ""dobré"", ""animal_type"": ""nejde o srážku se zvěří/zvířetem"", ""region_code"": ""06"", ""intersection"": ""mimo křižovatku"", ""district_code"": ""02"", ""obstacle_type"": ""nepříchází v úvahu - nejedná se o srážku s pevnou překážkou"", ""road_division"": ""dvoupruhová"", ""road_position"": ""na jízdním pruhu"", ""specific_place"": ""parkoviště přiléhající ke komunikaci"", ""traffic_control"": ""žádný způsob řízení provozu"", ""road_surface_type"": ""živice"", ""accident_character"": ""nehoda - pouze s hmotnou škodou""}",12832
152,"{""police_cr"": ""060225000113""}","2025-01-29 23:00:00+00","2026-03-22 14:59:42.208014+00","2026-03-22 14:59:42.208014+00","2026-03-23 15:41:52.326174+00","0101000020E6100000DB9006C5DA913040D6223DF7F0954840","Brno",NULL,"","parking_rest","srážka - s vozidlem zaparkovaným, odstaveným","nepřichází v úvahu - nejedná se o srážku jedoucích vozidel","řidič se plně nevěnoval řízení vozidla","řidičem - motorového vozidla","property_damage",0,0,0,NULL,2,20000,NULL,"neztížené","povrch suchý - neznečištěný","ve dne - viditelnost nezhoršená vlivem povětrnostních podmínek","dobrý, bez závad",NULL,False,False,NULL,100,"{""year"": ""2025"", ""source"": ""police-cr"", ""locality"": ""v obci"", ""priority"": ""žádná místní úprava"", ""direction"": ""přímý úsek"", ""unit_code"": ""18"", ""visibility"": ""dobré"", ""animal_type"": ""nejde o srážku se zvěří/zvířetem"", ""region_code"": ""06"", ""intersection"": ""mimo křižovatku"", ""district_code"": ""02"", ""obstacle_type"": ""nepříchází v úvahu - nejedná se o srážku s pevnou překážkou"", ""road_division"": ""žádná z uvedených"", ""road_position"": ""na jízdním pruhu"", ""specific_place"": ""žádné nebo žádné z uvedených"", ""traffic_control"": ""žádný způsob řízení provozu"", ""road_surface_type"": ""živice"", ""accident_character"": ""nehoda - pouze s hmotnou škodou""}",5599
153,"{""police_cr"": ""060225000182""}","2025-02-18 16:10:00+00","2026-03-22 14:59:42.219299+00","2026-03-22 14:59:42.219299+00","2026-03-23 15:41:52.337012+00","0101000020E61000007613C15A7EA13040EC2EBB449A964840","Brno","Černovická","","street","srážka - s jedoucím nekolejovým vozidlem","zezadu","nedodržení bezpečné vzdálenosti za vozidlem","řidičem - motorového vozidla","property_damage",0,0,0,NULL,2,20000,NULL,"neztížené","povrch suchý - neznečištěný","ve dne - viditelnost nezhoršená vlivem povětrnostních podmínek","dobrý, bez závad",NULL,False,False,NULL,100,"{""year"": ""2025"", ""source"": ""police-cr"", ""locality"": ""v obci"", ""priority"": ""žádná místní úprava"", ""direction"": ""přímý úsek"", ""unit_code"": ""16"", ""visibility"": ""dobré"", ""animal_type"": ""nejde o srážku se zvěří/zvířetem"", ""region_code"": ""06"", ""intersection"": ""mimo křižovatku"", ""district_code"": ""02"", ""obstacle_type"": ""nepříchází v úvahu - nejedná se o srážku s pevnou překážkou"", ""road_division"": ""třípruhová"", ""road_position"": ""na jízdním pruhu"", ""specific_place"": ""žádné nebo žádné z uvedených"", ""traffic_control"": ""světelným signalizačním zařízením"", ""road_surface_type"": ""živice"", ""accident_character"": ""nehoda - pouze s hmotnou škodou""}",23064
154,"{""police_cr"": ""060225000109""}","2025-01-30 10:30:00+00","2026-03-22 14:59:42.230589+00","2026-03-22 14:59:42.230589+00","2026-03-23 15:41:52.347772+00","0101000020E6100000573703E5FE94304086D928897F9B4840","Brno",NULL,"","street","srážka - s pevnou překážkou","nepřichází v úvahu - nejedná se o srážku jedoucích vozidel","samovolné rozjetí nezajištěného vozidla","řidičem - motorového vozidla","property_damage",0,0,0,NULL,1,20000,NULL,"neztížené","povrch suchý - neznečištěný","ve dne - viditelnost nezhoršená vlivem povětrnostních podmínek","dobrý, bez závad",NULL,False,False,NULL,100,"{""year"": ""2025"", ""source"": ""police-cr"", ""locality"": ""v obci"", ""priority"": ""žádná místní úprava"", ""direction"": ""přímý úsek"", ""unit_code"": ""11"", ""visibility"": ""dobré"", ""animal_type"": ""nejde o srážku se zvěří/zvířetem"", ""region_code"": ""06"", ""intersection"": ""mimo křižovatku"", ""district_code"": ""02"", ""obstacle_type"": ""jiná překážka - (zábradlí, oplocení, násep, nástupní ostrůvek apod.)"", ""road_division"": ""žádná z uvedených"", ""road_position"": ""na chodníku nebo ostrůvku"", ""specific_place"": ""žádné nebo žádné z uvedených"", ""traffic_control"": ""žádný způsob řízení provozu"", ""road_surface_type"": ""živice"", ""accident_character"": ""nehoda - pouze s hmotnou škodou""}",14673
155,"{""police_cr"": ""060225000112""}","2025-01-28 23:00:00+00","2026-03-22 14:59:42.241623+00","2026-03-22 14:59:42.241623+00","2026-03-23 15:41:52.381966+00","0101000020E610000007795DCAA1A030404D3805EE819B4840","Brno","Provazníkova","","street","srážka - s vozidlem zaparkovaným, odstaveným","nepřichází v úvahu - nejedná se o srážku jedoucích vozidel","řidič se plně nevěnoval řízení vozidla","řidičem - motorového vozidla","property_damage",0,0,0,NULL,2,30000,NULL,"neztížené","povrch suchý - neznečištěný","ve dne - viditelnost nezhoršená vlivem povětrnostních podmínek","dobrý, bez závad",NULL,False,False,NULL,100,"{""year"": ""2025"", ""source"": ""police-cr"", ""locality"": ""v obci"", ""priority"": ""žádná místní úprava"", ""direction"": ""přímý úsek"", ""unit_code"": ""12"", ""visibility"": ""dobré"", ""animal_type"": ""nejde o srážku se zvěří/zvířetem"", ""region_code"": ""06"", ""intersection"": ""mimo křižovatku"", ""district_code"": ""02"", ""obstacle_type"": ""nepříchází v úvahu - nejedná se o srážku s pevnou překážkou"", ""road_division"": ""dvoupruhová"", ""road_position"": ""na jízdním pruhu"", ""specific_place"": ""parkoviště přiléhající ke komunikaci"", ""traffic_control"": ""žádný způsob řízení provozu"", ""road_surface_type"": ""živice"", ""accident_character"": ""nehoda - pouze s hmotnou škodou""}",19935
156,"{""police_cr"": ""060225000110""}","2025-01-28 23:00:00+00","2026-03-22 14:59:42.252759+00","2026-03-22 14:59:42.252759+00","2026-03-23 15:41:52.417031+00","0101000020E61000006439A1F3059F3040298376EE6A994840","Brno","Cejl","","street","srážka - s vozidlem zaparkovaným, odstaveným","nepřichází v úvahu - nejedná se o srážku jedoucích vozidel","řidič se plně nevěnoval řízení vozidla","řidičem - motorového vozidla","property_damage",0,0,0,NULL,2,30000,NULL,"neztížené","jiný stav povrchu vozovky v době nehody","v noci - bez veřejného osvětlení, viditelnost nezhoršená vlivem povětrnostních podmínek","dobrý, bez závad",NULL,False,False,NULL,100,"{""year"": ""2025"", ""source"": ""police-cr"", ""locality"": ""v obci"", ""priority"": ""žádná místní úprava"", ""direction"": ""přímý úsek"", ""unit_code"": ""12"", ""visibility"": ""dobré"", ""animal_type"": ""nejde o srážku se zvěří/zvířetem"", ""region_code"": ""06"", ""intersection"": ""mimo křižovatku"", ""district_code"": ""02"", ""obstacle_type"": ""nepříchází v úvahu - nejedná se o srážku s pevnou překážkou"", ""road_division"": ""dvoupruhová"", ""road_position"": ""na jízdním pruhu"", ""specific_place"": ""parkoviště přiléhající ke komunikaci"", ""traffic_control"": ""žádný způsob řízení provozu"", ""road_surface_type"": ""živice"", ""accident_character"": ""nehoda - pouze s hmotnou škodou""}",16734
157,"{""police_cr"": ""060225000111""}","2025-01-29 23:00:00+00","2026-03-22 14:59:42.267392+00","2026-03-22 14:59:42.267392+00","2026-03-23 15:41:52.429932+00","0101000020E61000005543C664009A30409184E596DF964840","Brno","Polní","","street","srážka - s vozidlem zaparkovaným, odstaveným","nepřichází v úvahu - nejedná se o srážku jedoucích vozidel","řidič se plně nevěnoval řízení vozidla","řidičem - motorového vozidla","property_damage",0,0,0,NULL,2,20000,NULL,"neztížené","povrch suchý - neznečištěný","ve dne - viditelnost nezhoršená vlivem povětrnostních podmínek","dobrý, bez závad",NULL,False,False,NULL,100,"{""year"": ""2025"", ""source"": ""police-cr"", ""locality"": ""v obci"", ""priority"": ""žádná místní úprava"", ""direction"": ""přímý úsek"", ""unit_code"": ""18"", ""visibility"": ""dobré"", ""animal_type"": ""nejde o srážku se zvěří/zvířetem"", ""region_code"": ""06"", ""intersection"": ""mimo křižovatku"", ""district_code"": ""02"", ""obstacle_type"": ""nepříchází v úvahu - nejedná se o srážku s pevnou překážkou"", ""road_division"": ""dvoupruhová"", ""road_position"": ""na jízdním pruhu"", ""specific_place"": ""parkoviště přiléhající ke komunikaci"", ""traffic_control"": ""žádný způsob řízení provozu"", ""road_surface_type"": ""živice"", ""accident_character"": ""nehoda - pouze s hmotnou škodou""}",6696
158,"{""police_cr"": ""060225000122""}","2025-01-25 23:00:00+00","2026-03-22 14:59:42.280117+00","2026-03-22 14:59:42.280117+00","2026-03-23 15:41:52.453859+00","0101000020E6100000FD354F7B9A9730402D5576159D9A4840","Brno","Veveří","","parking_rest","srážka - s vozidlem zaparkovaným, odstaveným","nepřichází v úvahu - nejedná se o srážku jedoucích vozidel","řidič se plně nevěnoval řízení vozidla","řidičem - motorového vozidla","property_damage",0,0,0,NULL,2,10000,NULL,"neztížené","povrch suchý - neznečištěný","v noci - s veřejným osvětlením, viditelnost nezhoršená vlivem povětrnostních podmínek","dobrý, bez závad",NULL,False,False,NULL,100,"{""year"": ""2025"", ""source"": ""police-cr"", ""locality"": ""v obci"", ""priority"": ""žádná místní úprava"", ""direction"": ""přímý úsek"", ""unit_code"": ""11"", ""visibility"": ""dobré"", ""animal_type"": ""nejde o srážku se zvěří/zvířetem"", ""region_code"": ""06"", ""intersection"": ""mimo křižovatku"", ""district_code"": ""02"", ""obstacle_type"": ""nepříchází v úvahu - nejedná se o srážku s pevnou překážkou"", ""road_division"": ""žádná z uvedených"", ""road_position"": ""na jízdním pruhu"", ""specific_place"": ""žádné nebo žádné z uvedených"", ""traffic_control"": ""žádný způsob řízení provozu"", ""road_surface_type"": ""živice"", ""accident_character"": ""nehoda - pouze s hmotnou škodou""}",15162
159,"{""police_cr"": ""064225000006""}","2025-01-30 16:25:00+00","2026-03-22 14:59:42.287121+00","2026-03-22 14:59:42.287121+00","2026-03-23 15:41:52.472269+00","0101000020E6100000A4F3553242903040E07552B4B1944840","Brno",NULL,"1","freeway","srážka - s jedoucím nekolejovým vozidlem","boční","při přejíždění z jednoho jízdního pruhu do druhého","řidičem - motorového vozidla","minor",0,0,1,NULL,3,460000,NULL,"neztížené","povrch suchý - neznečištěný","v noci - bez veřejného osvětlení, viditelnost nezhoršená vlivem povětrnostních podmínek","dobrý, bez závad",NULL,False,False,NULL,100,"{""year"": ""2025"", ""source"": ""police-cr"", ""locality"": ""mimo obec"", ""priority"": ""žádná místní úprava"", ""direction"": ""přímý úsek"", ""unit_code"": ""18"", ""visibility"": ""dobré"", ""animal_type"": ""nejde o srážku se zvěří/zvířetem"", ""region_code"": ""06"", ""intersection"": ""mimo křižovatku"", ""district_code"": ""02"", ""obstacle_type"": ""nepříchází v úvahu - nejedná se o srážku s pevnou překážkou"", ""road_division"": ""čtyřpruhová s dělícím pásem"", ""road_position"": ""na jízdním pruhu"", ""specific_place"": ""žádné nebo žádné z uvedených"", ""traffic_control"": ""žádný způsob řízení provozu"", ""road_surface_type"": ""živice"", ""accident_character"": ""nehoda - s následky na životě""}",8882
160,"{""police_cr"": ""060225000124""}","2025-01-31 23:00:00+00","2026-03-22 14:59:42.299488+00","2026-03-22 14:59:42.299488+00","2026-03-23 15:41:52.518389+00","0101000020E61000008CFD57A3AE9F30400E3FAA43719A4840","Brno","Helfertova","","street","srážka - s vozidlem zaparkovaným, odstaveným","nepřichází v úvahu - nejedná se o srážku jedoucích vozidel","řidič se plně nevěnoval řízení vozidla","řidičem - motorového vozidla","property_damage",0,0,0,NULL,2,30000,NULL,"neztížené","povrch suchý - neznečištěný","ve dne - viditelnost nezhoršená vlivem povětrnostních podmínek","podélný sklon vyšší než 8 '%",NULL,False,False,NULL,100,"{""year"": ""2025"", ""source"": ""police-cr"", ""locality"": ""v obci"", ""priority"": ""žádná místní úprava"", ""direction"": ""přímý úsek"", ""unit_code"": ""12"", ""visibility"": ""dobré"", ""animal_type"": ""nejde o srážku se zvěří/zvířetem"", ""region_code"": ""06"", ""intersection"": ""mimo křižovatku"", ""district_code"": ""02"", ""obstacle_type"": ""nepříchází v úvahu - nejedná se o srážku s pevnou překážkou"", ""road_division"": ""žádná z uvedených"", ""road_position"": ""na jízdním pruhu"", ""specific_place"": ""parkoviště přiléhající ke komunikaci"", ""traffic_control"": ""žádný způsob řízení provozu"", ""road_surface_type"": ""živice"", ""accident_character"": ""nehoda - pouze s hmotnou škodou""}",13707
161,"{""police_cr"": ""060225000118""}","2025-01-30 23:00:00+00","2026-03-22 14:59:42.313728+00","2026-03-22 14:59:42.313728+00","2026-03-23 15:41:52.541247+00","0101000020E61000005F585C8BD99E3040EC6EDF10E8974840","Brno",NULL,"","street","srážka - s vozidlem zaparkovaným, odstaveným","nepřichází v úvahu - nejedná se o srážku jedoucích vozidel","řidič se plně nevěnoval řízení vozidla","řidičem - motorového vozidla","property_damage",0,0,0,NULL,2,90000,NULL,"neztížené","povrch suchý - neznečištěný","ve dne - viditelnost nezhoršená vlivem povětrnostních podmínek","dobrý, bez závad",NULL,False,False,NULL,100,"{""year"": ""2025"", ""source"": ""police-cr"", ""locality"": ""v obci"", ""priority"": ""žádná místní úprava"", ""direction"": ""přímý úsek"", ""unit_code"": ""16"", ""visibility"": ""dobré"", ""animal_type"": ""nejde o srážku se zvěří/zvířetem"", ""region_code"": ""06"", ""intersection"": ""mimo křižovatku"", ""district_code"": ""02"", ""obstacle_type"": ""nepříchází v úvahu - nejedná se o srážku s pevnou překážkou"", ""road_division"": ""dvoupruhová"", ""road_position"": ""na jízdním pruhu"", ""specific_place"": ""žádné nebo žádné z uvedených"", ""traffic_control"": ""žádný způsob řízení provozu"", ""road_surface_type"": ""živice"", ""accident_character"": ""nehoda - pouze s hmotnou škodou""}",7158
162,"{""police_cr"": ""060225000325""}","2025-03-17 09:56:00+00","2026-03-22 14:59:42.320507+00","2026-03-22 14:59:42.320507+00","2026-03-23 15:41:52.561394+00","0101000020E61000005671E6750F94304041A277F7319B4840","Brno",NULL,"","street","srážka - s jedoucím nekolejovým vozidlem","zezadu","nedodržení bezpečné vzdálenosti za vozidlem","řidičem - nemotorového vozidla","minor",0,0,1,NULL,2,15000,NULL,"jiné ztížené","povrch suchý - neznečištěný","ve dne - zhoršená viditelnost vlivem povětrnostních podmínek (mlha, sněžení, déšť apod.)","dobrý, bez závad",NULL,False,False,NULL,100,"{""year"": ""2025"", ""source"": ""police-cr"", ""locality"": ""v obci"", ""priority"": ""žádná místní úprava"", ""direction"": ""přímý úsek"", ""unit_code"": ""11"", ""visibility"": ""dobré"", ""animal_type"": ""nejde o srážku se zvěří/zvířetem"", ""region_code"": ""06"", ""intersection"": ""mimo křižovatku"", ""district_code"": ""02"", ""obstacle_type"": ""nepříchází v úvahu - nejedná se o srážku s pevnou překážkou"", ""road_division"": ""dvoupruhová"", ""road_position"": ""na jízdním pruhu"", ""specific_place"": ""v blízkosti přechodu pro chodce (do vzdálenosti 20 m)"", ""traffic_control"": ""žádný způsob řízení provozu"", ""road_surface_type"": ""živice"", ""accident_character"": ""nehoda - s následky na životě""}",14629
164,"{""police_cr"": ""060225000123""}","2025-01-31 23:00:00+00","2026-03-22 14:59:42.344186+00","2026-03-22 14:59:42.344186+00","2026-03-23 15:41:52.598155+00","0101000020E61000005D2E330B7699304044815642F1934840","Brno","Ořechovská","","street","srážka - s chodcem","nepřichází v úvahu - nejedná se o srážku jedoucích vozidel","chodci na vyznačeném přechodu","řidičem - motorového vozidla","minor",0,0,1,NULL,1,0,NULL,"neztížené","povrch suchý - neznečištěný","ve dne - viditelnost nezhoršená vlivem povětrnostních podmínek","dobrý, bez závad",NULL,False,False,NULL,100,"{""year"": ""2025"", ""source"": ""police-cr"", ""locality"": ""v obci"", ""priority"": ""žádná místní úprava"", ""direction"": ""přímý úsek"", ""unit_code"": ""16"", ""visibility"": ""dobré"", ""animal_type"": ""nejde o srážku se zvěří/zvířetem"", ""region_code"": ""06"", ""intersection"": ""mimo křižovatku"", ""district_code"": ""02"", ""obstacle_type"": ""nepříchází v úvahu - nejedná se o srážku s pevnou překážkou"", ""road_division"": ""dvoupruhová"", ""road_position"": ""na jízdním pruhu"", ""specific_place"": ""přechod pro chodce"", ""traffic_control"": ""žádný způsob řízení provozu"", ""road_surface_type"": ""živice"", ""accident_character"": ""nehoda - s následky na životě""}",5197
168,"{""police_cr"": ""060225000129""}","2025-02-03 17:00:00+00","2026-03-22 14:59:42.386668+00","2026-03-22 14:59:42.386668+00","2026-03-23 15:41:52.717661+00","0101000020E61000004C695FCC5F983040548C4623AC974840","Brno","Vídeňská","","street","srážka - s jedoucím nekolejovým vozidlem","boční","proti příkazu dopravní značky - DEJ PŘEDNOST","řidičem - motorového vozidla","minor",0,0,1,NULL,2,100000,NULL,"neztížené","povrch suchý - neznečištěný","v noci - s veřejným osvětlením, viditelnost nezhoršená vlivem povětrnostních podmínek","dobrý, bez závad",NULL,False,False,NULL,100,"{""year"": ""2025"", ""source"": ""police-cr"", ""locality"": ""v obci"", ""priority"": ""přednost vyznačena dopravními značkami"", ""direction"": ""křižovatka styková - tříramenná"", ""unit_code"": ""18"", ""visibility"": ""dobré"", ""animal_type"": ""nejde o srážku se zvěří/zvířetem"", ""region_code"": ""06"", ""intersection"": ""na kžižovatce - jedná-li se o křížení místních komunikací, účelových komunikací nebo jde o mezilehlou křižovatku (na sledovaném úseku ve sledovaných městech)"", ""district_code"": ""02"", ""obstacle_type"": ""nepříchází v úvahu - nejedná se o srážku s pevnou překážkou"", ""road_division"": ""dvoupruhová"", ""road_position"": ""na jízdním pruhu"", ""specific_place"": ""žádné nebo žádné z uvedených"", ""traffic_control"": ""místní úprava"", ""intersecting_road"": ""6"", ""road_surface_type"": ""živice"", ""accident_character"": ""nehoda - s následky na životě""}",7548
169,"{""police_cr"": ""060225000128""}","2025-02-03 12:05:00+00","2026-03-22 14:59:42.397649+00","2026-03-22 14:59:42.397649+00","2026-03-23 15:41:52.728431+00","0101000020E6100000DE9137D786A030400B9729288E9D4840","Brno","Blažkova","","street","srážka - s vozidlem zaparkovaným, odstaveným","nepřichází v úvahu - nejedná se o srážku jedoucích vozidel","řidič se plně nevěnoval řízení vozidla","řidičem - motorového vozidla","property_damage",0,0,0,NULL,2,15000,NULL,"neztížené","povrch suchý - neznečištěný","ve dne - viditelnost nezhoršená vlivem povětrnostních podmínek","dobrý, bez závad",NULL,False,False,NULL,100,"{""year"": ""2025"", ""source"": ""police-cr"", ""locality"": ""v obci"", ""priority"": ""žádná místní úprava"", ""direction"": ""přímý úsek"", ""unit_code"": ""12"", ""visibility"": ""dobré"", ""animal_type"": ""nejde o srážku se zvěří/zvířetem"", ""region_code"": ""06"", ""intersection"": ""mimo křižovatku"", ""district_code"": ""02"", ""obstacle_type"": ""nepříchází v úvahu - nejedná se o srážku s pevnou překážkou"", ""road_division"": ""dvoupruhová"", ""road_position"": ""na jízdním pruhu"", ""specific_place"": ""parkoviště přiléhající ke komunikaci"", ""traffic_control"": ""žádný způsob řízení provozu"", ""road_surface_type"": ""živice"", ""accident_character"": ""nehoda - pouze s hmotnou škodou""}",20404
170,"{""police_cr"": ""060225000077""}","2025-01-22 23:00:00+00","2026-03-22 14:59:42.408983+00","2026-03-22 14:59:42.408983+00","2026-03-23 15:41:52.739974+00","0101000020E61000002DC7DE95BC9D30402F5735EC0F9A4840","Brno",NULL,"","parking_rest","srážka - s vozidlem zaparkovaným, odstaveným","nepřichází v úvahu - nejedná se o srážku jedoucích vozidel","řidič se plně nevěnoval řízení vozidla","řidičem - motorového vozidla","property_damage",0,0,0,NULL,2,20000,NULL,"neztížené","povrch mokrý","v noci - bez veřejného osvětlení, viditelnost nezhoršená vlivem povětrnostních podmínek","dobrý, bez závad",NULL,False,False,NULL,100,"{""year"": ""2025"", ""source"": ""police-cr"", ""locality"": ""v obci"", ""priority"": ""žádná místní úprava"", ""direction"": ""přímý úsek"", ""unit_code"": ""12"", ""visibility"": ""dobré"", ""animal_type"": ""nejde o srážku se zvěří/zvířetem"", ""region_code"": ""06"", ""intersection"": ""mimo křižovatku"", ""district_code"": ""02"", ""obstacle_type"": ""nepříchází v úvahu - nejedná se o srážku s pevnou překážkou"", ""road_division"": ""žádná z uvedených"", ""road_position"": ""na jízdním pruhu"", ""specific_place"": ""žádné nebo žádné z uvedených"", ""traffic_control"": ""žádný způsob řízení provozu"", ""road_surface_type"": ""živice"", ""accident_character"": ""nehoda - pouze s hmotnou škodou""}",13779
172,"{""police_cr"": ""060225000126""}","2025-02-02 11:07:00+00","2026-03-22 14:59:42.431011+00","2026-03-22 14:59:42.431011+00","2026-03-23 15:41:52.783605+00","0101000020E610000083CFB51A0BA6304071A3974C52984840","Brno","Otakara Ševčíka","","street","srážka - s jedoucím nekolejovým vozidlem","z boku","jízda na ""červenou"" 3-barevného semaforu","řidičem - motorového vozidla","minor",0,0,1,NULL,2,140000,NULL,"neztížené","povrch suchý - neznečištěný","ve dne - viditelnost nezhoršená vlivem povětrnostních podmínek","dobrý, bez závad",NULL,False,False,NULL,100,"{""year"": ""2025"", ""source"": ""police-cr"", ""locality"": ""v obci"", ""priority"": ""přednost vyznačena přenosnými dopravními značkami nebo zařízením"", ""direction"": ""křižovatka styková - tříramenná"", ""unit_code"": ""13"", ""visibility"": ""dobré"", ""animal_type"": ""nejde o srážku se zvěří/zvířetem"", ""region_code"": ""06"", ""intersection"": ""na kžižovatce - jedná-li se o křížení místních komunikací, účelových komunikací nebo jde o mezilehlou křižovatku (na sledovaném úseku ve sledovaných městech)"", ""district_code"": ""02"", ""obstacle_type"": ""nepříchází v úvahu - nejedná se o srážku s pevnou překážkou"", ""road_division"": ""dvoupruhová"", ""road_position"": ""na jízdním pruhu"", ""specific_place"": ""52"", ""traffic_control"": ""světelným signalizačním zařízením"", ""intersecting_road"": ""6"", ""road_surface_type"": ""živice"", ""accident_character"": ""nehoda - s následky na životě""}",18069
173,"{""police_cr"": ""060225000001""}","2025-01-01 00:55:00+00","2026-03-22 14:59:42.444143+00","2026-03-22 14:59:42.444143+00","2026-03-23 15:41:52.797059+00","0101000020E6100000CECB0F288EAA30402A69D30AB3994840","Brno","Novolíšeňská","","street","srážka - s jedoucím nekolejovým vozidlem","z boku","při odbočování vlevo","řidičem - motorového vozidla","minor",0,0,4,NULL,2,165000,NULL,"tvoří se námraza, náledí","na vozovce je náledí, ujetý sníh - - posypané","v noci - s veřejným osvětlením, zhoršená viditelnost vlivem povětrnostních podmínek (mlha, déšť, sněžení apod.)","dobrý, bez závad",NULL,False,False,NULL,100,"{""year"": ""2025"", ""source"": ""police-cr"", ""locality"": ""v obci"", ""priority"": ""přednost vyznačena přenosnými dopravními značkami nebo zařízením"", ""direction"": ""křižovatka průsečná - čtyřramenná"", ""unit_code"": ""13"", ""visibility"": ""dobré"", ""animal_type"": ""nejde o srážku se zvěří/zvířetem"", ""region_code"": ""06"", ""intersection"": ""na kžižovatce - jedná-li se o křížení místních komunikací, účelových komunikací nebo jde o mezilehlou křižovatku (na sledovaném úseku ve sledovaných městech)"", ""district_code"": ""02"", ""obstacle_type"": ""nepříchází v úvahu - nejedná se o srážku s pevnou překážkou"", ""road_division"": ""čtyřpruhová s dělícím pásem"", ""road_position"": ""na jízdním pruhu"", ""specific_place"": ""v blízkosti přechodu pro chodce (do vzdálenosti 20 m)"", ""traffic_control"": ""světelným signalizačním zařízením"", ""intersecting_road"": ""6"", ""road_surface_type"": ""živice"", ""accident_character"": ""nehoda - s následky na životě""}",18430
175,"{""police_cr"": ""060225000135""}","2025-02-05 09:30:00+00","2026-03-22 14:59:42.467269+00","2026-03-22 14:59:42.467269+00","2026-03-23 15:41:52.843031+00","0101000020E6100000524FE81E35A23040D5B3809C91964840","Brno","Černovická","","street","srážka - s jedoucím nekolejovým vozidlem","z boku","proti příkazu dopravní značky - DEJ PŘEDNOST","řidičem - motorového vozidla","minor",0,0,1,NULL,2,120000,NULL,"neztížené","povrch suchý - neznečištěný","ve dne - viditelnost nezhoršená vlivem povětrnostních podmínek","dobrý, bez závad",NULL,False,False,NULL,100,"{""year"": ""2025"", ""source"": ""police-cr"", ""locality"": ""v obci"", ""priority"": ""přednost vyznačena dopravními značkami"", ""direction"": ""křižovatka styková - tříramenná"", ""unit_code"": ""16"", ""visibility"": ""dobré"", ""animal_type"": ""nejde o srážku se zvěří/zvířetem"", ""region_code"": ""06"", ""intersection"": ""na kžižovatce - jedná-li se o křížení místních komunikací, účelových komunikací nebo jde o mezilehlou křižovatku (na sledovaném úseku ve sledovaných městech)"", ""district_code"": ""02"", ""obstacle_type"": ""nepříchází v úvahu - nejedná se o srážku s pevnou překážkou"", ""road_division"": ""čtyřpruhová s dělícím pásem"", ""road_position"": ""na jízdním pruhu"", ""specific_place"": ""v blízkosti přechodu pro chodce (do vzdálenosti 20 m)"", ""traffic_control"": ""místní úprava"", ""intersecting_road"": ""6"", ""road_surface_type"": ""živice"", ""accident_character"": ""nehoda - s následky na životě""}",23017