"id","external_ids","event_time","ingested_at","first_seen","last_seen","location_geog","city","street_name","road_number","road_type_code","accident_type","accident_subtype","cause_primary","cause_secondary","severity","fatalities_count","serious_injuries","minor_injuries","persons_involved","vehicles_involved","damage_czk","damage_category","weather_condition","road_surface","light_condition","road_condition","vehicle_types","alcohol_involved","drugs_involved","alcohol_level","quality_score","raw","segment_id"
176,"{""police_cr"": ""060225000134""}","2025-01-04 23:00:00+00","2026-03-22 14:59:42.487352+00","2026-03-22 14:59:42.487352+00","2026-03-23 15:41:52.851494+00","0101000020E610000067B8BCAF269130406432E0B7DDA14840","Brno","Atriová","","street","srážka - s pevnou překážkou","nepřichází v úvahu - nejedná se o srážku jedoucích vozidel","řidič se plně nevěnoval řízení vozidla","řidičem - motorového vozidla","property_damage",0,0,0,NULL,1,30000,NULL,"neztížené","povrch suchý - neznečištěný","ve dne - viditelnost nezhoršená vlivem povětrnostních podmínek","dobrý, bez závad",NULL,False,False,NULL,100,"{""year"": ""2025"", ""source"": ""police-cr"", ""locality"": ""v obci"", ""priority"": ""žádná místní úprava"", ""direction"": ""přímý úsek"", ""unit_code"": ""14"", ""visibility"": ""dobré"", ""animal_type"": ""nejde o srážku se zvěří/zvířetem"", ""region_code"": ""06"", ""intersection"": ""mimo křižovatku"", ""district_code"": ""02"", ""obstacle_type"": ""zeď, pevná část mostů, - podjezdů, tunelů apod."", ""road_division"": ""dvoupruhová"", ""road_position"": ""mimo komunikaci"", ""specific_place"": ""žádné nebo žádné z uvedených"", ""traffic_control"": ""žádný způsob řízení provozu"", ""road_surface_type"": ""dlažba"", ""accident_character"": ""nehoda - pouze s hmotnou škodou""}",1753
177,"{""police_cr"": ""060225000133""}","2025-02-05 05:43:00+00","2026-03-22 14:59:42.498107+00","2026-03-22 14:59:42.498107+00","2026-03-23 15:41:52.862361+00","0101000020E6100000F1A7D50888B03040C7442D5582954840","Brno",NULL,"","street","srážka - s jedoucím nekolejovým vozidlem","z boku","při odbočování vlevo","řidičem - motorového vozidla","minor",0,0,1,NULL,2,140000,NULL,"neztížené","povrch suchý - neznečištěný","v noci - bez veřejného osvětlení, viditelnost nezhoršená vlivem povětrnostních podmínek","dobrý, bez závad",NULL,False,False,NULL,100,"{""year"": ""2025"", ""source"": ""police-cr"", ""locality"": ""v obci"", ""priority"": ""přednost vyznačena dopravními značkami"", ""direction"": ""křižovatka styková - tříramenná"", ""unit_code"": ""13"", ""visibility"": ""dobré"", ""animal_type"": ""nejde o srážku se zvěří/zvířetem"", ""region_code"": ""06"", ""intersection"": ""na kžižovatce - jedná-li se o křížení místních komunikací, účelových komunikací nebo jde o mezilehlou křižovatku (na sledovaném úseku ve sledovaných městech)"", ""district_code"": ""02"", ""obstacle_type"": ""nepříchází v úvahu - nejedná se o srážku s pevnou překážkou"", ""road_division"": ""třípruhová"", ""road_position"": ""na jízdním pruhu"", ""specific_place"": ""žádné nebo žádné z uvedených"", ""traffic_control"": ""místní úprava"", ""intersecting_road"": ""6"", ""road_surface_type"": ""živice"", ""accident_character"": ""nehoda - s následky na životě""}",21852
178,"{""police_cr"": ""060225000132""}","2025-02-03 23:00:00+00","2026-03-22 14:59:42.508956+00","2026-03-22 14:59:42.508956+00","2026-03-23 15:41:52.896773+00","0101000020E610000087457C70109A3040F092184A1F974840","Brno","Polní","","street","srážka - s vozidlem zaparkovaným, odstaveným","nepřichází v úvahu - nejedná se o srážku jedoucích vozidel","řidič se plně nevěnoval řízení vozidla","řidičem - motorového vozidla","property_damage",0,0,0,NULL,2,10000,NULL,"neztížené","povrch suchý - neznečištěný","ve dne - viditelnost nezhoršená vlivem povětrnostních podmínek","dobrý, bez závad",NULL,False,False,NULL,100,"{""year"": ""2025"", ""source"": ""police-cr"", ""locality"": ""v obci"", ""priority"": ""žádná místní úprava"", ""direction"": ""přímý úsek"", ""unit_code"": ""18"", ""visibility"": ""dobré"", ""animal_type"": ""nejde o srážku se zvěří/zvířetem"", ""region_code"": ""06"", ""intersection"": ""mimo křižovatku"", ""district_code"": ""02"", ""obstacle_type"": ""nepříchází v úvahu - nejedná se o srážku s pevnou překážkou"", ""road_division"": ""dvoupruhová"", ""road_position"": ""na jízdním pruhu"", ""specific_place"": ""parkoviště přiléhající ke komunikaci"", ""traffic_control"": ""žádný způsob řízení provozu"", ""road_surface_type"": ""živice"", ""accident_character"": ""nehoda - pouze s hmotnou škodou""}",7437
179,"{""police_cr"": ""060225000130""}","2025-02-04 09:28:00+00","2026-03-22 14:59:42.520769+00","2026-03-22 14:59:42.520769+00","2026-03-23 15:41:52.930977+00","0101000020E610000018C2E21688AB3040311B920529974840","Brno","Kigginsova","","street","srážka - s vozidlem zaparkovaným, odstaveným","nepřichází v úvahu - nejedná se o srážku jedoucích vozidel","řidič se plně nevěnoval řízení vozidla","řidičem - motorového vozidla","property_damage",0,0,0,NULL,2,90000,NULL,"neztížené","povrch suchý - neznečištěný","ve dne - viditelnost nezhoršená vlivem povětrnostních podmínek","dobrý, bez závad",NULL,False,False,NULL,100,"{""year"": ""2025"", ""source"": ""police-cr"", ""locality"": ""v obci"", ""priority"": ""žádná místní úprava"", ""direction"": ""přímý úsek"", ""unit_code"": ""13"", ""visibility"": ""dobré"", ""animal_type"": ""nejde o srážku se zvěří/zvířetem"", ""region_code"": ""06"", ""intersection"": ""mimo křižovatku"", ""district_code"": ""02"", ""obstacle_type"": ""nepříchází v úvahu - nejedná se o srážku s pevnou překážkou"", ""road_division"": ""dvoupruhová"", ""road_position"": ""na jízdním pruhu"", ""specific_place"": ""parkoviště přiléhající ke komunikaci"", ""traffic_control"": ""žádný způsob řízení provozu"", ""road_surface_type"": ""živice"", ""accident_character"": ""nehoda - pouze s hmotnou škodou""}",22486
180,"{""police_cr"": ""060225000140""}","2025-02-06 02:10:00+00","2026-03-22 14:59:42.533097+00","2026-03-22 14:59:42.533097+00","2026-03-23 15:41:52.943879+00","0101000020E6100000E7222D665DA130403172FA58D09C4840","Brno","Seifertova","","street","srážka - s jedoucím nekolejovým vozidlem","boční","řidič se plně nevěnoval řízení vozidla","řidičem - nemotorového vozidla","minor",0,0,1,NULL,2,7000,NULL,"neztížené","povrch suchý - neznečištěný","v noci - s veřejným osvětlením, viditelnost nezhoršená vlivem povětrnostních podmínek","dobrý, bez závad",NULL,True,False,NULL,100,"{""year"": ""2025"", ""source"": ""police-cr"", ""locality"": ""v obci"", ""priority"": ""žádná místní úprava"", ""direction"": ""přímý úsek"", ""unit_code"": ""12"", ""visibility"": ""dobré"", ""animal_type"": ""nejde o srážku se zvěří/zvířetem"", ""region_code"": ""06"", ""intersection"": ""mimo křižovatku"", ""district_code"": ""02"", ""obstacle_type"": ""nepříchází v úvahu - nejedná se o srážku s pevnou překážkou"", ""road_division"": ""dvoupruhová"", ""road_position"": ""na jízdním pruhu"", ""specific_place"": ""žádné nebo žádné z uvedených"", ""traffic_control"": ""žádný způsob řízení provozu"", ""road_surface_type"": ""živice"", ""accident_character"": ""nehoda - s následky na životě""}",20073
181,"{""police_cr"": ""060225000138""}","2025-02-04 23:00:00+00","2026-03-22 14:59:42.542584+00","2026-03-22 14:59:42.542584+00","2026-03-23 15:41:52.952775+00","0101000020E6100000B980E670B39E3040DA88098648984840","Brno",NULL,"","street","srážka - s vozidlem zaparkovaným, odstaveným","nepřichází v úvahu - nejedná se o srážku jedoucích vozidel","řidič se plně nevěnoval řízení vozidla","řidičem - motorového vozidla","property_damage",0,0,0,NULL,2,10000,NULL,"neztížené","povrch suchý - neznečištěný","ve dne - viditelnost nezhoršená vlivem povětrnostních podmínek","dobrý, bez závad",NULL,False,False,NULL,100,"{""year"": ""2025"", ""source"": ""police-cr"", ""locality"": ""v obci"", ""priority"": ""žádná místní úprava"", ""direction"": ""přímý úsek"", ""unit_code"": ""16"", ""visibility"": ""dobré"", ""animal_type"": ""nejde o srážku se zvěří/zvířetem"", ""region_code"": ""06"", ""intersection"": ""mimo křižovatku"", ""district_code"": ""02"", ""obstacle_type"": ""nepříchází v úvahu - nejedná se o srážku s pevnou překážkou"", ""road_division"": ""žádná z uvedených"", ""road_position"": ""na jízdním pruhu"", ""specific_place"": ""parkoviště přiléhající ke komunikaci"", ""traffic_control"": ""žádný způsob řízení provozu"", ""road_surface_type"": ""živice"", ""accident_character"": ""nehoda - pouze s hmotnou škodou""}",17178
183,"{""police_cr"": ""060225000141""}","2025-01-25 23:00:00+00","2026-03-22 14:59:42.57765+00","2026-03-22 14:59:42.57765+00","2026-03-23 15:41:52.978853+00","0101000020E61000006F13D6FCB59230402EAD209D9E9B4840","Brno","Luční","","street","srážka - s vozidlem zaparkovaným, odstaveným","nepřichází v úvahu - nejedná se o srážku jedoucích vozidel","řidič se plně nevěnoval řízení vozidla","řidičem - motorového vozidla","property_damage",0,0,0,NULL,2,30000,NULL,"neztížené","povrch suchý - neznečištěný","v noci - s veřejným osvětlením, viditelnost nezhoršená vlivem povětrnostních podmínek","dobrý, bez závad",NULL,False,False,NULL,100,"{""year"": ""2025"", ""source"": ""police-cr"", ""locality"": ""v obci"", ""priority"": ""žádná místní úprava"", ""direction"": ""přímý úsek"", ""unit_code"": ""11"", ""visibility"": ""dobré"", ""animal_type"": ""nejde o srážku se zvěří/zvířetem"", ""region_code"": ""06"", ""intersection"": ""mimo křižovatku"", ""district_code"": ""02"", ""obstacle_type"": ""nepříchází v úvahu - nejedná se o srážku s pevnou překážkou"", ""road_division"": ""dvoupruhová"", ""road_position"": ""na jízdním pruhu"", ""specific_place"": ""parkoviště přiléhající ke komunikaci"", ""traffic_control"": ""žádný způsob řízení provozu"", ""road_surface_type"": ""živice"", ""accident_character"": ""nehoda - pouze s hmotnou škodou""}",14763
184,"{""police_cr"": ""064225000007""}","2025-02-04 12:35:00+00","2026-03-22 14:59:42.598367+00","2026-03-22 14:59:42.598367+00","2026-03-23 15:41:52.994327+00","0101000020E6100000B26EB988689430406A73805EA3944840","Brno",NULL,"1","freeway","srážka - s jedoucím nekolejovým vozidlem","zezadu","nedodržení bezpečné vzdálenosti za vozidlem","řidičem - motorového vozidla","minor",0,0,1,NULL,2,200000,NULL,"neztížené","povrch suchý - neznečištěný","ve dne - viditelnost nezhoršená vlivem povětrnostních podmínek","dobrý, bez závad",NULL,False,False,NULL,100,"{""year"": ""2025"", ""source"": ""police-cr"", ""locality"": ""mimo obec"", ""priority"": ""žádná místní úprava"", ""direction"": ""přímý úsek"", ""unit_code"": ""18"", ""visibility"": ""dobré"", ""animal_type"": ""nejde o srážku se zvěří/zvířetem"", ""region_code"": ""06"", ""intersection"": ""mimo křižovatku"", ""district_code"": ""02"", ""obstacle_type"": ""nepříchází v úvahu - nejedná se o srážku s pevnou překážkou"", ""road_division"": ""čtyřpruhová s dělícím pásem"", ""road_position"": ""na jízdním pruhu"", ""specific_place"": ""žádné nebo žádné z uvedených"", ""traffic_control"": ""žádný způsob řízení provozu"", ""road_surface_type"": ""živice"", ""accident_character"": ""nehoda - s následky na životě""}",5876
185,"{""police_cr"": ""060225000137""}","2025-02-04 23:00:00+00","2026-03-22 14:59:42.610655+00","2026-03-22 14:59:42.610655+00","2026-03-23 15:41:53.040082+00","0101000020E6100000615DEB4005A730401F73BDC67D934840","Brno","Sladovnická","","street","srážka - s vozidlem zaparkovaným, odstaveným","nepřichází v úvahu - nejedná se o srážku jedoucích vozidel","řidič se plně nevěnoval řízení vozidla","řidičem - motorového vozidla","property_damage",0,0,0,NULL,2,30000,NULL,"neztížené","povrch suchý - neznečištěný","ve dne - viditelnost nezhoršená vlivem povětrnostních podmínek","dobrý, bez závad",NULL,False,False,NULL,100,"{""year"": ""2025"", ""source"": ""police-cr"", ""locality"": ""v obci"", ""priority"": ""žádná místní úprava"", ""direction"": ""přímý úsek"", ""unit_code"": ""16"", ""visibility"": ""dobré"", ""animal_type"": ""nejde o srážku se zvěří/zvířetem"", ""region_code"": ""06"", ""intersection"": ""mimo křižovatku"", ""district_code"": ""02"", ""obstacle_type"": ""nepříchází v úvahu - nejedná se o srážku s pevnou překážkou"", ""road_division"": ""dvoupruhová"", ""road_position"": ""na jízdním pruhu"", ""specific_place"": ""parkoviště přiléhající ke komunikaci"", ""traffic_control"": ""žádný způsob řízení provozu"", ""road_surface_type"": ""živice"", ""accident_character"": ""nehoda - pouze s hmotnou škodou""}",24181
187,"{""police_cr"": ""060225000136""}","2025-02-04 23:00:00+00","2026-03-22 14:59:42.631952+00","2026-03-22 14:59:42.631952+00","2026-03-23 15:41:53.061144+00","0101000020E6100000B6521A7AE3903040940D527B9B964840","Brno","Palachovo náměstí","","parking_rest","srážka - s vozidlem zaparkovaným, odstaveným","nepřichází v úvahu - nejedná se o srážku jedoucích vozidel","řidič se plně nevěnoval řízení vozidla","řidičem - motorového vozidla","property_damage",0,0,0,NULL,2,20000,NULL,"neztížené","povrch suchý - neznečištěný","ve dne - viditelnost nezhoršená vlivem povětrnostních podmínek","dobrý, bez závad",NULL,False,False,NULL,100,"{""year"": ""2025"", ""source"": ""police-cr"", ""locality"": ""v obci"", ""priority"": ""žádná místní úprava"", ""direction"": ""přímý úsek"", ""unit_code"": ""18"", ""visibility"": ""dobré"", ""animal_type"": ""nejde o srážku se zvěří/zvířetem"", ""region_code"": ""06"", ""intersection"": ""mimo křižovatku"", ""district_code"": ""02"", ""obstacle_type"": ""nepříchází v úvahu - nejedná se o srážku s pevnou překážkou"", ""road_division"": ""žádná z uvedených"", ""road_position"": ""na jízdním pruhu"", ""specific_place"": ""žádné nebo žádné z uvedených"", ""traffic_control"": ""žádný způsob řízení provozu"", ""road_surface_type"": ""živice"", ""accident_character"": ""nehoda - pouze s hmotnou škodou""}",8206
188,"{""police_cr"": ""060225000142""}","2025-02-06 06:30:00+00","2026-03-22 14:59:42.643341+00","2026-03-22 14:59:42.643341+00","2026-03-23 15:41:53.073696+00","0101000020E610000080F16052AA7A30405855B27875A04840","Brno","Rakovecká","384","secondary","srážka - s pevnou překážkou","nepřichází v úvahu - nejedná se o srážku jedoucích vozidel","nepřizpůsobení rychlosti - vlastnostem vozidla a nákladu","řidičem - motorového vozidla","minor",0,0,2,NULL,1,50000,NULL,"neztížené","povrch mokrý","ve dne - viditelnost nezhoršená vlivem povětrnostních podmínek","dobrý, bez závad",NULL,False,False,NULL,100,"{""year"": ""2025"", ""source"": ""police-cr"", ""locality"": ""mimo obec"", ""priority"": ""žádná místní úprava"", ""direction"": ""zatáčka"", ""unit_code"": ""19"", ""visibility"": ""dobré"", ""animal_type"": ""nejde o srážku se zvěří/zvířetem"", ""region_code"": ""06"", ""intersection"": ""mimo křižovatku"", ""district_code"": ""02"", ""obstacle_type"": ""strom"", ""road_division"": ""žádná z uvedených"", ""road_position"": ""mimo komunikaci"", ""specific_place"": ""žádné nebo žádné z uvedených"", ""traffic_control"": ""žádný způsob řízení provozu"", ""road_surface_type"": ""živice"", ""accident_character"": ""nehoda - s následky na životě""}",2711
189,"{""police_cr"": ""060225000131""}","2025-02-04 12:54:00+00","2026-03-22 14:59:42.655145+00","2026-03-22 14:59:42.655145+00","2026-03-23 15:41:53.084706+00","0101000020E61000000A9A17A0D8A03040505BE7AA2E994840","Brno",NULL,"","street","srážka - s vozidlem zaparkovaným, odstaveným","nepřichází v úvahu - nejedná se o srážku jedoucích vozidel","řidič se plně nevěnoval řízení vozidla","řidičem - motorového vozidla","property_damage",0,0,0,NULL,2,20000,NULL,"neztížené","povrch suchý - znečištěný (písek, prach, listí, štěrk atd.)","ve dne - viditelnost nezhoršená vlivem povětrnostních podmínek","dobrý, bez závad",NULL,False,False,NULL,100,"{""year"": ""2025"", ""source"": ""police-cr"", ""locality"": ""v obci"", ""priority"": ""žádná místní úprava"", ""direction"": ""přímý úsek"", ""unit_code"": ""12"", ""visibility"": ""dobré"", ""animal_type"": ""nejde o srážku se zvěří/zvířetem"", ""region_code"": ""06"", ""intersection"": ""mimo křižovatku"", ""district_code"": ""02"", ""obstacle_type"": ""nepříchází v úvahu - nejedná se o srážku s pevnou překážkou"", ""road_division"": ""dvoupruhová"", ""road_position"": ""na jízdním pruhu"", ""specific_place"": ""parkoviště přiléhající ke komunikaci"", ""traffic_control"": ""žádný způsob řízení provozu"", ""road_surface_type"": ""štěrk"", ""accident_character"": ""nehoda - pouze s hmotnou škodou""}",17472
190,"{""police_cr"": ""060225000144""}","2025-02-03 23:00:00+00","2026-03-22 14:59:42.665554+00","2026-03-22 14:59:42.665554+00","2026-03-23 15:41:53.0952+00","0101000020E6100000D0BE0F2EFD923040B69B2D23F49B4840","Brno",NULL,"","street","srážka - s vozidlem zaparkovaným, odstaveným","nepřichází v úvahu - nejedná se o srážku jedoucích vozidel","řidič se plně nevěnoval řízení vozidla","řidičem - motorového vozidla","property_damage",0,0,0,NULL,2,20000,NULL,"neztížené","povrch suchý - neznečištěný","ve dne - viditelnost nezhoršená vlivem povětrnostních podmínek","dobrý, bez závad",NULL,False,False,NULL,100,"{""year"": ""2025"", ""source"": ""police-cr"", ""locality"": ""v obci"", ""priority"": ""žádná místní úprava"", ""direction"": ""přímý úsek"", ""unit_code"": ""11"", ""visibility"": ""dobré"", ""animal_type"": ""nejde o srážku se zvěří/zvířetem"", ""region_code"": ""06"", ""intersection"": ""mimo křižovatku"", ""district_code"": ""02"", ""obstacle_type"": ""nepříchází v úvahu - nejedná se o srážku s pevnou překážkou"", ""road_division"": ""žádná z uvedených"", ""road_position"": ""žádné z uvedených"", ""specific_place"": ""žádné nebo žádné z uvedených"", ""traffic_control"": ""žádný způsob řízení provozu"", ""road_surface_type"": ""živice"", ""accident_character"": ""nehoda - pouze s hmotnou škodou""}",14740
192,"{""police_cr"": ""060225000143""}","2025-02-05 23:00:00+00","2026-03-22 14:59:42.721192+00","2026-03-22 14:59:42.721192+00","2026-03-23 15:41:53.164503+00","0101000020E61000008454112FB29A3040FC70F54B8B9B4840","Brno",NULL,"","parking_rest","srážka - s vozidlem zaparkovaným, odstaveným","nepřichází v úvahu - nejedná se o srážku jedoucích vozidel","řidič se plně nevěnoval řízení vozidla","řidičem - motorového vozidla","property_damage",0,0,0,NULL,2,40000,NULL,"neztížené","povrch suchý - znečištěný (písek, prach, listí, štěrk atd.)","ve dne - viditelnost nezhoršená vlivem povětrnostních podmínek","dobrý, bez závad",NULL,False,False,NULL,100,"{""year"": ""2025"", ""source"": ""police-cr"", ""locality"": ""v obci"", ""priority"": ""žádná místní úprava"", ""direction"": ""přímý úsek"", ""unit_code"": ""14"", ""visibility"": ""dobré"", ""animal_type"": ""nejde o srážku se zvěří/zvířetem"", ""region_code"": ""06"", ""intersection"": ""mimo křižovatku"", ""district_code"": ""02"", ""obstacle_type"": ""nepříchází v úvahu - nejedná se o srážku s pevnou překážkou"", ""road_division"": ""žádná z uvedených"", ""road_position"": ""na jízdním pruhu"", ""specific_place"": ""žádné nebo žádné z uvedených"", ""traffic_control"": ""žádný způsob řízení provozu"", ""road_surface_type"": ""beton"", ""accident_character"": ""nehoda - pouze s hmotnou škodou""}",14284
194,"{""police_cr"": ""060225000145""}","2025-02-05 23:00:00+00","2026-03-22 14:59:42.744404+00","2026-03-22 14:59:42.744404+00","2026-03-23 15:41:53.186604+00","0101000020E6100000B2C3A0820C8A30404E6272345D984840","Brno","Jírovcova","","street","srážka - s vozidlem zaparkovaným, odstaveným","nepřichází v úvahu - nejedná se o srážku jedoucích vozidel","řidič se plně nevěnoval řízení vozidla","řidičem - motorového vozidla","property_damage",0,0,0,NULL,2,20000,NULL,"neztížené","povrch suchý - neznečištěný","ve dne - zhoršená viditelnost (svítání, soumrak)","dobrý, bez závad",NULL,False,False,NULL,100,"{""year"": ""2025"", ""source"": ""police-cr"", ""locality"": ""v obci"", ""priority"": ""žádná místní úprava"", ""direction"": ""zatáčka"", ""unit_code"": ""18"", ""visibility"": ""dobré"", ""animal_type"": ""nejde o srážku se zvěří/zvířetem"", ""region_code"": ""06"", ""intersection"": ""mimo křižovatku"", ""district_code"": ""02"", ""obstacle_type"": ""nepříchází v úvahu - nejedná se o srážku s pevnou překážkou"", ""road_division"": ""dvoupruhová"", ""road_position"": ""na jízdním pruhu"", ""specific_place"": ""parkoviště přiléhající ke komunikaci"", ""traffic_control"": ""žádný způsob řízení provozu"", ""road_surface_type"": ""živice"", ""accident_character"": ""nehoda - pouze s hmotnou škodou""}",9494
195,"{""police_cr"": ""060225000119""}","2025-02-01 04:45:00+00","2026-03-22 14:59:42.760401+00","2026-03-22 14:59:42.760401+00","2026-03-23 15:41:53.205052+00","0101000020E6100000368DB15B83983040A22C4FFDF3944840","Brno","Bohunická","","street","srážka - s jedoucím nekolejovým vozidlem","zezadu","nedodržení bezpečné vzdálenosti za vozidlem","řidičem - motorového vozidla","property_damage",0,0,0,NULL,2,90000,NULL,"neztížené","povrch suchý - neznečištěný","v noci - s veřejným osvětlením, viditelnost nezhoršená vlivem povětrnostních podmínek","dobrý, bez závad",NULL,False,False,NULL,100,"{""year"": ""2025"", ""source"": ""police-cr"", ""locality"": ""v obci"", ""priority"": ""přednost vyznačena dopravními značkami"", ""direction"": ""přímý úsek"", ""unit_code"": ""18"", ""visibility"": ""dobré"", ""animal_type"": ""nejde o srážku se zvěří/zvířetem"", ""region_code"": ""06"", ""intersection"": ""mimo křižovatku"", ""district_code"": ""02"", ""obstacle_type"": ""nepříchází v úvahu - nejedná se o srážku s pevnou překážkou"", ""road_division"": ""dvoupruhová"", ""road_position"": ""na jízdním pruhu"", ""specific_place"": ""žádné nebo žádné z uvedených"", ""traffic_control"": ""žádný způsob řízení provozu"", ""road_surface_type"": ""živice"", ""accident_character"": ""nehoda - pouze s hmotnou škodou""}",5953
196,"{""police_cr"": ""064225000010""}","2025-02-11 13:05:00+00","2026-03-22 14:59:42.789375+00","2026-03-22 14:59:42.789375+00","2026-03-23 15:41:53.230818+00","0101000020E610000005CF112DF69F30405FB5B4FC60944840","Brno",NULL,"1","freeway","srážka - s jedoucím nekolejovým vozidlem","boční","řidič se plně nevěnoval řízení vozidla","řidičem - motorového vozidla","property_damage",0,0,0,NULL,2,10000,NULL,"neztížené","povrch suchý - neznečištěný","ve dne - viditelnost nezhoršená vlivem povětrnostních podmínek","dobrý, bez závad",NULL,False,False,NULL,100,"{""year"": ""2025"", ""source"": ""police-cr"", ""locality"": ""mimo obec"", ""priority"": ""žádná místní úprava"", ""direction"": ""přímý úsek"", ""unit_code"": ""16"", ""visibility"": ""dobré"", ""animal_type"": ""nejde o srážku se zvěří/zvířetem"", ""region_code"": ""06"", ""intersection"": ""mimo křižovatku"", ""district_code"": ""02"", ""obstacle_type"": ""nepříchází v úvahu - nejedná se o srážku s pevnou překážkou"", ""road_division"": ""čtyřpruhová s dělícím pásem"", ""road_position"": ""na jízdním pruhu"", ""specific_place"": ""žádné nebo žádné z uvedených"", ""traffic_control"": ""žádný způsob řízení provozu"", ""road_surface_type"": ""živice"", ""accident_character"": ""nehoda - pouze s hmotnou škodou""}",23531
197,"{""police_cr"": ""060225000150""}","2025-01-31 23:00:00+00","2026-03-22 14:59:42.810007+00","2026-03-22 14:59:42.810007+00","2026-03-23 15:41:53.265178+00","0101000020E6100000FBD1EB6CDE84304005D7BC4C159C4840","Brno",NULL,"","street","srážka - s vozidlem zaparkovaným, odstaveným","nepřichází v úvahu - nejedná se o srážku jedoucích vozidel","řidič se plně nevěnoval řízení vozidla","řidičem - motorového vozidla","property_damage",0,0,0,NULL,2,15000,NULL,"neztížené","povrch suchý - neznečištěný","v noci - s veřejným osvětlením, viditelnost nezhoršená vlivem povětrnostních podmínek","dobrý, bez závad",NULL,False,False,NULL,100,"{""year"": ""2025"", ""source"": ""police-cr"", ""locality"": ""v obci"", ""priority"": ""žádná místní úprava"", ""direction"": ""přímý úsek"", ""unit_code"": ""19"", ""visibility"": ""dobré"", ""animal_type"": ""nejde o srážku se zvěří/zvířetem"", ""region_code"": ""06"", ""intersection"": ""mimo křižovatku"", ""district_code"": ""02"", ""obstacle_type"": ""nepříchází v úvahu - nejedná se o srážku s pevnou překážkou"", ""road_division"": ""dvoupruhová"", ""road_position"": ""na jízdním pruhu"", ""specific_place"": ""parkoviště přiléhající ke komunikaci"", ""traffic_control"": ""žádný způsob řízení provozu"", ""road_surface_type"": ""živice"", ""accident_character"": ""nehoda - pouze s hmotnou škodou""}",10115
198,"{""police_cr"": ""060225000146""}","2025-02-06 23:00:00+00","2026-03-22 14:59:42.832651+00","2026-03-22 14:59:42.832651+00","2026-03-23 15:41:53.276359+00","0101000020E610000048E1CAB5FE9430403562FA94469E4840","Brno",NULL,"","street","srážka - s vozidlem zaparkovaným, odstaveným","nepřichází v úvahu - nejedná se o srážku jedoucích vozidel","řidič se plně nevěnoval řízení vozidla","řidičem - motorového vozidla","property_damage",0,0,0,NULL,2,20000,NULL,"neztížené","povrch suchý - neznečištěný","v noci - s veřejným osvětlením, viditelnost nezhoršená vlivem povětrnostních podmínek","dobrý, bez závad",NULL,False,False,NULL,100,"{""year"": ""2025"", ""source"": ""police-cr"", ""locality"": ""v obci"", ""priority"": ""žádná místní úprava"", ""direction"": ""přímý úsek"", ""unit_code"": ""14"", ""visibility"": ""dobré"", ""animal_type"": ""nejde o srážku se zvěří/zvířetem"", ""region_code"": ""06"", ""intersection"": ""mimo křižovatku"", ""district_code"": ""02"", ""obstacle_type"": ""nepříchází v úvahu - nejedná se o srážku s pevnou překážkou"", ""road_division"": ""dvoupruhová"", ""road_position"": ""na jízdním pruhu"", ""specific_place"": ""parkoviště přiléhající ke komunikaci"", ""traffic_control"": ""žádný způsob řízení provozu"", ""road_surface_type"": ""živice"", ""accident_character"": ""nehoda - pouze s hmotnou škodou""}",12455
199,"{""police_cr"": ""060225000147""}","2025-02-06 23:00:00+00","2026-03-22 14:59:42.843724+00","2026-03-22 14:59:42.843724+00","2026-03-23 15:41:53.287232+00","0101000020E61000005BFEECC090993040F0146D27159B4840","Brno","Ptašínského","","street","srážka - s vozidlem zaparkovaným, odstaveným","nepřichází v úvahu - nejedná se o srážku jedoucích vozidel","řidič se plně nevěnoval řízení vozidla","řidičem - motorového vozidla","property_damage",0,0,0,NULL,2,10000,NULL,"neztížené","povrch suchý - neznečištěný","v noci - s veřejným osvětlením, viditelnost nezhoršená vlivem povětrnostních podmínek","dobrý, bez závad",NULL,False,False,NULL,100,"{""year"": ""2025"", ""source"": ""police-cr"", ""locality"": ""v obci"", ""priority"": ""žádná místní úprava"", ""direction"": ""přímý úsek"", ""unit_code"": ""14"", ""visibility"": ""dobré"", ""animal_type"": ""nejde o srážku se zvěří/zvířetem"", ""region_code"": ""06"", ""intersection"": ""mimo křižovatku"", ""district_code"": ""02"", ""obstacle_type"": ""nepříchází v úvahu - nejedná se o srážku s pevnou překážkou"", ""road_division"": ""dvoupruhová"", ""road_position"": ""na jízdním pruhu"", ""specific_place"": ""parkoviště přiléhající ke komunikaci"", ""traffic_control"": ""žádný způsob řízení provozu"", ""road_surface_type"": ""dlažba"", ""accident_character"": ""nehoda - pouze s hmotnou škodou""}",14188