"id","external_ids","event_time","ingested_at","first_seen","last_seen","location_geog","city","street_name","road_number","road_type_code","accident_type","accident_subtype","cause_primary","cause_secondary","severity","fatalities_count","serious_injuries","minor_injuries","persons_involved","vehicles_involved","damage_czk","damage_category","weather_condition","road_surface","light_condition","road_condition","vehicle_types","alcohol_involved","drugs_involved","alcohol_level","quality_score","raw","segment_id"
200,"{""police_cr"": ""060225000155""}","2025-02-08 23:00:00+00","2026-03-22 14:59:42.854557+00","2026-03-22 14:59:42.854557+00","2026-03-23 15:41:53.298189+00","0101000020E6100000C2DB857A31953040DA82FAC29E9C4840","Brno",NULL,"","street","srážka - s vozidlem zaparkovaným, odstaveným","nepřichází v úvahu - nejedná se o srážku jedoucích vozidel","řidič se plně nevěnoval řízení vozidla","řidičem - motorového vozidla","property_damage",0,0,0,NULL,2,10000,NULL,"neztížené","povrch suchý - neznečištěný","v noci - s veřejným osvětlením, viditelnost nezhoršená vlivem povětrnostních podmínek","dobrý, bez závad",NULL,False,False,NULL,100,"{""year"": ""2025"", ""source"": ""police-cr"", ""locality"": ""v obci"", ""priority"": ""žádná místní úprava"", ""direction"": ""přímý úsek"", ""unit_code"": ""14"", ""visibility"": ""dobré"", ""animal_type"": ""nejde o srážku se zvěří/zvířetem"", ""region_code"": ""06"", ""intersection"": ""mimo křižovatku"", ""district_code"": ""02"", ""obstacle_type"": ""nepříchází v úvahu - nejedná se o srážku s pevnou překážkou"", ""road_division"": ""dvoupruhová"", ""road_position"": ""na jízdním pruhu"", ""specific_place"": ""parkoviště přiléhající ke komunikaci"", ""traffic_control"": ""žádný způsob řízení provozu"", ""road_surface_type"": ""živice"", ""accident_character"": ""nehoda - pouze s hmotnou škodou""}",11350
201,"{""police_cr"": ""060225000148""}","2025-02-08 20:46:00+00","2026-03-22 14:59:42.866305+00","2026-03-22 14:59:42.866305+00","2026-03-23 15:41:53.332599+00","0101000020E61000007273E5D4929B3040120C3C4A33984840","Brno","Hybešova","","street","srážka - s chodcem","nepřichází v úvahu - nejedná se o srážku jedoucích vozidel","nezaviněná řidičem","chodcem","minor",0,0,1,NULL,1,10000,NULL,"neztížené","povrch suchý - neznečištěný","v noci - s veřejným osvětlením, viditelnost nezhoršená vlivem povětrnostních podmínek","dobrý, bez závad",NULL,False,False,NULL,100,"{""year"": ""2025"", ""source"": ""police-cr"", ""locality"": ""v obci"", ""priority"": ""žádná místní úprava"", ""direction"": ""přímý úsek"", ""unit_code"": ""10"", ""visibility"": ""dobré"", ""animal_type"": ""nejde o srážku se zvěří/zvířetem"", ""region_code"": ""06"", ""intersection"": ""mimo křižovatku"", ""district_code"": ""02"", ""obstacle_type"": ""nepříchází v úvahu - nejedná se o srážku s pevnou překážkou"", ""road_division"": ""žádná z uvedených"", ""road_position"": ""na kolejích tramvaje"", ""specific_place"": ""žádné nebo žádné z uvedených"", ""traffic_control"": ""žádný způsob řízení provozu"", ""road_surface_type"": ""dlažba"", ""accident_character"": ""nehoda - s následky na životě""}",16058
203,"{""police_cr"": ""060225000149""}","2025-02-08 22:00:00+00","2026-03-22 14:59:42.911171+00","2026-03-22 14:59:42.911171+00","2026-03-23 15:41:53.354259+00","0101000020E6100000C62ABA3F9287304098E6B7F6C19C4840","Brno","Živného","","parking_rest","srážka - s vozidlem zaparkovaným, odstaveným","nepřichází v úvahu - nejedná se o srážku jedoucích vozidel","řidič se plně nevěnoval řízení vozidla","řidičem - motorového vozidla","property_damage",0,0,0,NULL,2,80000,NULL,"neztížené","povrch suchý - neznečištěný","v noci - s veřejným osvětlením, viditelnost nezhoršená vlivem povětrnostních podmínek","dobrý, bez závad",NULL,True,False,NULL,100,"{""year"": ""2025"", ""source"": ""police-cr"", ""locality"": ""v obci"", ""priority"": ""žádná místní úprava"", ""direction"": ""přímý úsek"", ""unit_code"": ""19"", ""visibility"": ""dobré"", ""animal_type"": ""nejde o srážku se zvěří/zvířetem"", ""region_code"": ""06"", ""intersection"": ""mimo křižovatku"", ""district_code"": ""02"", ""obstacle_type"": ""nepříchází v úvahu - nejedná se o srážku s pevnou překážkou"", ""road_division"": ""žádná z uvedených"", ""road_position"": ""na jízdním pruhu"", ""specific_place"": ""žádné nebo žádné z uvedených"", ""traffic_control"": ""žádný způsob řízení provozu"", ""road_surface_type"": ""živice"", ""accident_character"": ""nehoda - pouze s hmotnou škodou""}",10220
204,"{""police_cr"": ""060225000153""}","2025-02-07 23:00:00+00","2026-03-22 14:59:42.921803+00","2026-03-22 14:59:42.921803+00","2026-03-23 15:41:53.398178+00","0101000020E6100000B6B59013FC9530409B717ABC3C9C4840","Brno","Purkyňova","","street","srážka - s vozidlem zaparkovaným, odstaveným","nepřichází v úvahu - nejedná se o srážku jedoucích vozidel","řidič se plně nevěnoval řízení vozidla","řidičem - motorového vozidla","property_damage",0,0,0,NULL,2,5000,NULL,"neztížené","povrch suchý - neznečištěný","ve dne - viditelnost nezhoršená vlivem povětrnostních podmínek","dobrý, bez závad",NULL,False,False,NULL,100,"{""year"": ""2025"", ""source"": ""police-cr"", ""locality"": ""v obci"", ""priority"": ""žádná místní úprava"", ""direction"": ""přímý úsek"", ""unit_code"": ""14"", ""visibility"": ""dobré"", ""animal_type"": ""nejde o srážku se zvěří/zvířetem"", ""region_code"": ""06"", ""intersection"": ""mimo křižovatku"", ""district_code"": ""02"", ""obstacle_type"": ""nepříchází v úvahu - nejedná se o srážku s pevnou překážkou"", ""road_division"": ""dvoupruhová"", ""road_position"": ""na jízdním pruhu"", ""specific_place"": ""parkoviště přiléhající ke komunikaci"", ""traffic_control"": ""žádný způsob řízení provozu"", ""road_surface_type"": ""dlažba"", ""accident_character"": ""nehoda - pouze s hmotnou škodou""}",11188
205,"{""police_cr"": ""060225000156""}","2025-02-03 23:00:00+00","2026-03-22 14:59:42.935885+00","2026-03-22 14:59:42.935885+00","2026-03-23 15:41:53.449063+00","0101000020E6100000BF47E421B89B304096413143F5984840","Brno","Veselá","","street","srážka - s vozidlem zaparkovaným, odstaveným","nepřichází v úvahu - nejedná se o srážku jedoucích vozidel","řidič se plně nevěnoval řízení vozidla","řidičem - motorového vozidla","property_damage",0,0,0,NULL,2,5000,NULL,"neztížené","jiný stav povrchu vozovky v době nehody","v noci - s veřejným osvětlením, viditelnost nezhoršená vlivem povětrnostních podmínek","dobrý, bez závad",NULL,False,False,NULL,100,"{""year"": ""2025"", ""source"": ""police-cr"", ""locality"": ""v obci"", ""priority"": ""žádná místní úprava"", ""direction"": ""přímý úsek"", ""unit_code"": ""10"", ""visibility"": ""dobré"", ""animal_type"": ""nejde o srážku se zvěří/zvířetem"", ""region_code"": ""06"", ""intersection"": ""mimo křižovatku"", ""district_code"": ""02"", ""obstacle_type"": ""nepříchází v úvahu - nejedná se o srážku s pevnou překážkou"", ""road_division"": ""žádná z uvedených"", ""road_position"": ""žádné z uvedených"", ""specific_place"": ""žádné nebo žádné z uvedených"", ""traffic_control"": ""žádný způsob řízení provozu"", ""road_surface_type"": ""0"", ""accident_character"": ""nehoda - pouze s hmotnou škodou""}",16143
208,"{""police_cr"": ""060225000154""}","2025-02-10 11:30:00+00","2026-03-22 14:59:42.968641+00","2026-03-22 14:59:42.968641+00","2026-03-23 15:41:53.526319+00","0101000020E61000002E57B919709D304099272D9AC4994840","Brno","Milady Horákové","","street","havárie","nepřichází v úvahu - nejedná se o srážku jedoucích vozidel","jiný druh nesprávného způsobu jízdy","řidičem - nemotorového vozidla","minor",0,0,1,NULL,1,5000,NULL,"neztížené","povrch suchý - neznečištěný","ve dne - viditelnost nezhoršená vlivem povětrnostních podmínek","dobrý, bez závad",NULL,False,False,NULL,100,"{""year"": ""2025"", ""source"": ""police-cr"", ""locality"": ""v obci"", ""priority"": ""žádná místní úprava"", ""direction"": ""přímý úsek"", ""unit_code"": ""12"", ""visibility"": ""dobré"", ""animal_type"": ""nejde o srážku se zvěří/zvířetem"", ""region_code"": ""06"", ""intersection"": ""mimo křižovatku"", ""district_code"": ""02"", ""obstacle_type"": ""nepříchází v úvahu - nejedná se o srážku s pevnou překážkou"", ""road_division"": ""dvoupruhová"", ""road_position"": ""na jízdním pruhu"", ""specific_place"": ""žádné nebo žádné z uvedených"", ""traffic_control"": ""žádný způsob řízení provozu"", ""road_surface_type"": ""živice"", ""accident_character"": ""nehoda - s následky na životě""}",16607
209,"{""police_cr"": ""060225000116""}","2025-01-31 10:20:00+00","2026-03-22 14:59:42.988338+00","2026-03-22 14:59:42.988338+00","2026-03-23 15:41:53.556145+00","0101000020E6100000434E3563F6873040AED16E6B019D4840","Brno",NULL,"","parking_rest","srážka - s vozidlem zaparkovaným, odstaveným","nepřichází v úvahu - nejedná se o srážku jedoucích vozidel","řidič se plně nevěnoval řízení vozidla","řidičem - motorového vozidla","property_damage",0,0,0,NULL,3,50000,NULL,"neztížené","povrch suchý - neznečištěný","ve dne - viditelnost nezhoršená vlivem povětrnostních podmínek","dobrý, bez závad",NULL,False,False,NULL,100,"{""year"": ""2025"", ""source"": ""police-cr"", ""locality"": ""v obci"", ""priority"": ""přednost nevyznačena - vyplývá z pravidel silníčního provozu"", ""direction"": ""přímý úsek"", ""unit_code"": ""19"", ""visibility"": ""dobré"", ""animal_type"": ""nejde o srážku se zvěří/zvířetem"", ""region_code"": ""06"", ""intersection"": ""mimo křižovatku"", ""district_code"": ""02"", ""obstacle_type"": ""nepříchází v úvahu - nejedná se o srážku s pevnou překážkou"", ""road_division"": ""žádná z uvedených"", ""road_position"": ""na jízdním pruhu"", ""specific_place"": ""žádné nebo žádné z uvedených"", ""traffic_control"": ""žádný způsob řízení provozu"", ""road_surface_type"": ""dlažba"", ""accident_character"": ""nehoda - pouze s hmotnou škodou""}",10232
210,"{""police_cr"": ""060225000157""}","2025-02-10 23:00:00+00","2026-03-22 14:59:43.01083+00","2026-03-22 14:59:43.01083+00","2026-03-23 15:41:53.578492+00","0101000020E6100000D1FB76B117953040457CC57C56964840","Brno",NULL,"","parking_rest","srážka - s vozidlem zaparkovaným, odstaveným","nepřichází v úvahu - nejedná se o srážku jedoucích vozidel","řidič se plně nevěnoval řízení vozidla","řidičem - motorového vozidla","property_damage",0,0,0,NULL,2,10000,NULL,"neztížené","povrch suchý - neznečištěný","ve dne - viditelnost nezhoršená vlivem povětrnostních podmínek","dobrý, bez závad",NULL,False,False,NULL,100,"{""year"": ""2025"", ""source"": ""police-cr"", ""locality"": ""v obci"", ""priority"": ""žádná místní úprava"", ""direction"": ""přímý úsek"", ""unit_code"": ""18"", ""visibility"": ""dobré"", ""animal_type"": ""nejde o srážku se zvěří/zvířetem"", ""region_code"": ""06"", ""intersection"": ""mimo křižovatku"", ""district_code"": ""02"", ""obstacle_type"": ""nepříchází v úvahu - nejedná se o srážku s pevnou překážkou"", ""road_division"": ""žádná z uvedených"", ""road_position"": ""na jízdním pruhu"", ""specific_place"": ""žádné nebo žádné z uvedených"", ""traffic_control"": ""žádný způsob řízení provozu"", ""road_surface_type"": ""živice"", ""accident_character"": ""nehoda - pouze s hmotnou škodou""}",7905
212,"{""police_cr"": ""060225000163""}","2025-02-13 00:05:00+00","2026-03-22 14:59:43.035811+00","2026-03-22 14:59:43.035811+00","2026-03-23 15:41:53.616261+00","0101000020E61000005D4642CA37973040681E2B3F2C9E4840","Brno",NULL,"","street","srážka - s pevnou překážkou","nepřichází v úvahu - nejedná se o srážku jedoucích vozidel","nepřizpůsobení rychlosti - stavu vozovky (náledí, výtluky, bláto, mokrý povrch apod.)","řidičem - motorového vozidla","property_damage",0,0,0,NULL,1,250000,NULL,"sněžení","na vozovce je náledí, ujetý sníh - - posypané","v noci - s veřejným osvětlením, zhoršená viditelnost vlivem povětrnostních podmínek (mlha, déšť, sněžení apod.)","jiný (neuvedený) stav nebo závada komunikace",NULL,False,False,NULL,100,"{""year"": ""2025"", ""source"": ""police-cr"", ""locality"": ""v obci"", ""priority"": ""žádná místní úprava"", ""direction"": ""přímý úsek"", ""unit_code"": ""14"", ""visibility"": ""dobré"", ""animal_type"": ""nejde o srážku se zvěří/zvířetem"", ""region_code"": ""06"", ""intersection"": ""mimo křižovatku"", ""district_code"": ""02"", ""obstacle_type"": ""sloup - telefonní, veřejného osvětlení, elektrického vedení, signalizace apod."", ""road_division"": ""dvoupruhová"", ""road_position"": ""na jízdním pruhu"", ""specific_place"": ""52"", ""traffic_control"": ""žádný způsob řízení provozu"", ""road_surface_type"": ""živice"", ""accident_character"": ""nehoda - pouze s hmotnou škodou""}",12588
213,"{""police_cr"": ""060225000161""}","2025-02-12 18:20:00+00","2026-03-22 14:59:43.043883+00","2026-03-22 14:59:43.043883+00","2026-03-23 15:41:53.656552+00","0101000020E610000020FC12689BAC3040F5980E4FBF944840","Brno","Matlachova","15283","tertiary","srážka - s jedoucím nekolejovým vozidlem","čelní","nepřizpůsobení rychlosti - stavu vozovky (náledí, výtluky, bláto, mokrý povrch apod.)","řidičem - motorového vozidla","property_damage",0,0,0,NULL,2,60000,NULL,"sněžení","na vozovce je náledí, ujetý sníh - - neposypané","v noci - bez veřejného osvětlení, viditelnost zhoršená vlivem povětrnostních podmínek (mlha, déšť, sněžení apod.)","jiný (neuvedený) stav nebo závada komunikace",NULL,False,False,NULL,100,"{""year"": ""2025"", ""source"": ""police-cr"", ""locality"": ""mimo obec"", ""priority"": ""žádná místní úprava"", ""direction"": ""přímý úsek"", ""unit_code"": ""16"", ""visibility"": ""dobré"", ""animal_type"": ""nejde o srážku se zvěří/zvířetem"", ""region_code"": ""06"", ""intersection"": ""mimo křižovatku"", ""district_code"": ""02"", ""obstacle_type"": ""nepříchází v úvahu - nejedná se o srážku s pevnou překážkou"", ""road_division"": ""dvoupruhová"", ""road_position"": ""na jízdním pruhu"", ""specific_place"": ""žádné nebo žádné z uvedených"", ""traffic_control"": ""žádný způsob řízení provozu"", ""road_surface_type"": ""živice"", ""accident_character"": ""nehoda - pouze s hmotnou škodou""}",23950
214,"{""police_cr"": ""060225000160""}","2025-02-11 23:00:00+00","2026-03-22 14:59:43.054945+00","2026-03-22 14:59:43.054945+00","2026-03-23 15:41:53.678565+00","0101000020E6100000BBC3EA60578230401E4D9B4DF79B4840","Brno","Vejrostova","","street","srážka - s chodcem","nepřichází v úvahu - nejedná se o srážku jedoucích vozidel","chodci na vyznačeném přechodu","řidičem - motorového vozidla","minor",0,0,1,NULL,1,10000,NULL,"sněžení","souvislá sněhová vrstva, rozbředlý sníh","v noci - s veřejným osvětlením, zhoršená viditelnost vlivem povětrnostních podmínek (mlha, déšť, sněžení apod.)","dobrý, bez závad",NULL,False,False,NULL,100,"{""year"": ""2025"", ""source"": ""police-cr"", ""locality"": ""v obci"", ""priority"": ""žádná místní úprava"", ""direction"": ""přímý úsek"", ""unit_code"": ""19"", ""visibility"": ""dobré"", ""animal_type"": ""nejde o srážku se zvěří/zvířetem"", ""region_code"": ""06"", ""intersection"": ""mimo křižovatku"", ""district_code"": ""02"", ""obstacle_type"": ""nepříchází v úvahu - nejedná se o srážku s pevnou překážkou"", ""road_division"": ""dvoupruhová"", ""road_position"": ""na jízdním pruhu"", ""specific_place"": ""přechod pro chodce"", ""traffic_control"": ""žádný způsob řízení provozu"", ""road_surface_type"": ""živice"", ""accident_character"": ""nehoda - s následky na životě""}",9976
215,"{""police_cr"": ""060225000159""}","2025-02-12 09:35:00+00","2026-03-22 14:59:43.066223+00","2026-03-22 14:59:43.066223+00","2026-03-23 15:41:53.689672+00","0101000020E6100000C8A8D0CBC69A3040ACBE50CD8F9A4840","Brno","Lidická","","street","srážka - s chodcem","nepřichází v úvahu - nejedná se o srážku jedoucích vozidel","nezaviněná řidičem","chodcem","minor",0,0,1,NULL,1,10000,NULL,"neztížené","povrch mokrý","ve dne - viditelnost nezhoršená vlivem povětrnostních podmínek","dobrý, bez závad",NULL,False,False,NULL,100,"{""year"": ""2025"", ""source"": ""police-cr"", ""locality"": ""v obci"", ""priority"": ""žádná místní úprava"", ""direction"": ""přímý úsek"", ""unit_code"": ""13"", ""visibility"": ""dobré"", ""animal_type"": ""nejde o srážku se zvěří/zvířetem"", ""region_code"": ""06"", ""intersection"": ""mimo křižovatku"", ""district_code"": ""02"", ""obstacle_type"": ""nepříchází v úvahu - nejedná se o srážku s pevnou překážkou"", ""road_division"": ""třípruhová"", ""road_position"": ""na jízdním pruhu"", ""specific_place"": ""přechod pro chodce"", ""traffic_control"": ""světelným signalizačním zařízením"", ""road_surface_type"": ""živice"", ""accident_character"": ""nehoda - s následky na životě""}",13923
220,"{""police_cr"": ""060225000522""}","2025-04-27 22:00:00+00","2026-03-22 14:59:43.185953+00","2026-03-22 14:59:43.185953+00","2026-03-23 15:41:53.819788+00","0101000020E6100000382A1603EB923040B458588FA49A4840","Brno","Elišky Machové","","street","srážka - s vozidlem zaparkovaným, odstaveným","nepřichází v úvahu - nejedná se o srážku jedoucích vozidel","řidič se plně nevěnoval řízení vozidla","řidičem - motorového vozidla","property_damage",0,0,0,NULL,2,10000,NULL,"neztížené","jiný stav povrchu vozovky v době nehody","ve dne - viditelnost nezhoršená vlivem povětrnostních podmínek","dobrý, bez závad",NULL,False,False,NULL,100,"{""year"": ""2025"", ""source"": ""police-cr"", ""locality"": ""v obci"", ""priority"": ""žádná místní úprava"", ""direction"": ""přímý úsek"", ""unit_code"": ""11"", ""visibility"": ""dobré"", ""animal_type"": ""nejde o srážku se zvěří/zvířetem"", ""region_code"": ""06"", ""intersection"": ""mimo křižovatku"", ""district_code"": ""02"", ""obstacle_type"": ""nepříchází v úvahu - nejedná se o srážku s pevnou překážkou"", ""road_division"": ""žádná z uvedených"", ""road_position"": ""na jízdním pruhu"", ""specific_place"": ""parkoviště přiléhající ke komunikaci"", ""traffic_control"": ""žádný způsob řízení provozu"", ""road_surface_type"": ""živice"", ""accident_character"": ""nehoda - pouze s hmotnou škodou""}",14957
221,"{""police_cr"": ""060225000168""}","2025-02-13 16:28:00+00","2026-03-22 14:59:43.21135+00","2026-03-22 14:59:43.21135+00","2026-03-23 15:41:53.857572+00","0101000020E6100000896FA5A787AA30404CD5C35180974840","Brno","Olomoucká","","street","srážka - s chodcem","nepřichází v úvahu - nejedná se o srážku jedoucích vozidel","nezaviněná řidičem","chodcem","minor",0,0,1,NULL,1,20000,NULL,"neztížené","povrch mokrý","ve dne - zhoršená viditelnost (svítání, soumrak)","dobrý, bez závad",NULL,False,True,NULL,100,"{""year"": ""2025"", ""source"": ""police-cr"", ""locality"": ""v obci"", ""priority"": ""žádná místní úprava"", ""direction"": ""přímý úsek"", ""unit_code"": ""13"", ""visibility"": ""dobré"", ""animal_type"": ""nejde o srážku se zvěří/zvířetem"", ""region_code"": ""06"", ""intersection"": ""mimo křižovatku"", ""district_code"": ""02"", ""obstacle_type"": ""nepříchází v úvahu - nejedná se o srážku s pevnou překážkou"", ""road_division"": ""dvoupruhová"", ""road_position"": ""na jízdním pruhu"", ""specific_place"": ""žádné nebo žádné z uvedených"", ""traffic_control"": ""žádný způsob řízení provozu"", ""road_surface_type"": ""živice"", ""accident_character"": ""nehoda - s následky na životě""}",22566
222,"{""police_cr"": ""060225000167""}","2025-02-11 23:00:00+00","2026-03-22 14:59:43.22233+00","2026-03-22 14:59:43.22233+00","2026-03-23 15:41:53.879286+00","0101000020E610000061D43AB164A430407E8F8923639D4840","Brno","Zázmolí","","street","srážka - s vozidlem zaparkovaným, odstaveným","nepřichází v úvahu - nejedná se o srážku jedoucích vozidel","řidič se plně nevěnoval řízení vozidla","řidičem - motorového vozidla","property_damage",0,0,0,NULL,2,50000,NULL,"neztížené","povrch mokrý","v noci - s veřejným osvětlením, viditelnost nezhoršená vlivem povětrnostních podmínek","dobrý, bez závad",NULL,False,False,NULL,100,"{""year"": ""2025"", ""source"": ""police-cr"", ""locality"": ""v obci"", ""priority"": ""žádná místní úprava"", ""direction"": ""přímý úsek"", ""unit_code"": ""12"", ""visibility"": ""dobré"", ""animal_type"": ""nejde o srážku se zvěří/zvířetem"", ""region_code"": ""06"", ""intersection"": ""mimo křižovatku"", ""district_code"": ""02"", ""obstacle_type"": ""nepříchází v úvahu - nejedná se o srážku s pevnou překážkou"", ""road_division"": ""dvoupruhová"", ""road_position"": ""na jízdním pruhu"", ""specific_place"": ""parkoviště přiléhající ke komunikaci"", ""traffic_control"": ""žádný způsob řízení provozu"", ""road_surface_type"": ""živice"", ""accident_character"": ""nehoda - pouze s hmotnou škodou""}",20282
223,"{""police_cr"": ""060225000166""}","2025-02-13 11:00:00+00","2026-03-22 14:59:43.244187+00","2026-03-22 14:59:43.244187+00","2026-03-23 15:41:53.900449+00","0101000020E61000006164FB5B039030408D69E5D1349B4840","Brno","Kníničská","","street","srážka - s jedoucím nekolejovým vozidlem","zezadu","nedodržení bezpečné vzdálenosti za vozidlem","řidičem - motorového vozidla","minor",0,0,1,NULL,2,350000,NULL,"neztížené","povrch mokrý","ve dne - viditelnost nezhoršená vlivem povětrnostních podmínek","dobrý, bez závad",NULL,False,False,NULL,100,"{""year"": ""2025"", ""source"": ""police-cr"", ""locality"": ""v obci"", ""priority"": ""přednost vyznačena dopravními značkami"", ""direction"": ""přímý úsek"", ""unit_code"": ""11"", ""visibility"": ""dobré"", ""animal_type"": ""nejde o srážku se zvěří/zvířetem"", ""region_code"": ""06"", ""intersection"": ""mimo křižovatku"", ""district_code"": ""02"", ""obstacle_type"": ""nepříchází v úvahu - nejedná se o srážku s pevnou překážkou"", ""road_division"": ""vícepruhová"", ""road_position"": ""na jízdním pruhu"", ""specific_place"": ""v blízkosti přechodu pro chodce (do vzdálenosti 20 m)"", ""traffic_control"": ""světelným signalizačním zařízením"", ""road_surface_type"": ""živice"", ""accident_character"": ""nehoda - s následky na životě""}",14854
224,"{""police_cr"": ""060225000165""}","2025-02-13 06:55:00+00","2026-03-22 14:59:43.287736+00","2026-03-22 14:59:43.287736+00","2026-03-23 15:41:53.975743+00","0101000020E6100000C241B2A48274304099FE2E786CA04840","Brno","Kuřimská","","street","srážka - s pevnou překážkou","nepřichází v úvahu - nejedná se o srážku jedoucích vozidel","nepřizpůsobení rychlosti - dopravně technickému stavu vozovky (zatáčka, klesání, stoupání, šířka vozovky apod.)","řidičem - motorového vozidla","minor",0,0,1,NULL,1,51000,NULL,"déšť","povrch mokrý","ve dne - zhoršená viditelnost vlivem povětrnostních podmínek (mlha, sněžení, déšť apod.)","dobrý, bez závad",NULL,False,False,NULL,100,"{""year"": ""2025"", ""source"": ""police-cr"", ""locality"": ""v obci"", ""priority"": ""žádná místní úprava"", ""direction"": ""zatáčka"", ""unit_code"": ""19"", ""visibility"": ""dobré"", ""animal_type"": ""nejde o srážku se zvěří/zvířetem"", ""region_code"": ""06"", ""intersection"": ""mimo křižovatku"", ""district_code"": ""02"", ""obstacle_type"": ""odrazník, patník, - sloupek směrový, sloupek dopravní značky apod."", ""road_division"": ""dvoupruhová"", ""road_position"": ""na jízdním pruhu"", ""specific_place"": ""žádné nebo žádné z uvedených"", ""traffic_control"": ""policistou nebo jiným pověřeným orgánem"", ""road_surface_type"": ""živice"", ""accident_character"": ""nehoda - s následky na životě""}",2575
225,"{""police_cr"": ""060225000173""}","2025-01-28 23:00:00+00","2026-03-22 14:59:43.332992+00","2026-03-22 14:59:43.332992+00","2026-03-23 15:41:54.01108+00","0101000020E610000066D002122E9E3040DDDB7F944B9D4840","Brno","Fillova","","street","srážka - s vozidlem zaparkovaným, odstaveným","nepřichází v úvahu - nejedná se o srážku jedoucích vozidel","řidič se plně nevěnoval řízení vozidla","řidičem - motorového vozidla","property_damage",0,0,0,NULL,2,40000,NULL,"neztížené","povrch suchý - znečištěný (písek, prach, listí, štěrk atd.)","v noci - s veřejným osvětlením, viditelnost nezhoršená vlivem povětrnostních podmínek","dobrý, bez závad",NULL,False,False,NULL,100,"{""year"": ""2025"", ""source"": ""police-cr"", ""locality"": ""v obci"", ""priority"": ""přednost nevyznačena - vyplývá z pravidel silníčního provozu"", ""direction"": ""přímý úsek"", ""unit_code"": ""12"", ""visibility"": ""dobré"", ""animal_type"": ""nejde o srážku se zvěří/zvířetem"", ""region_code"": ""06"", ""intersection"": ""mimo křižovatku"", ""district_code"": ""02"", ""obstacle_type"": ""nepříchází v úvahu - nejedná se o srážku s pevnou překážkou"", ""road_division"": ""dvoupruhová"", ""road_position"": ""na jízdním pruhu"", ""specific_place"": ""parkoviště přiléhající ke komunikaci"", ""traffic_control"": ""žádný způsob řízení provozu"", ""road_surface_type"": ""živice"", ""accident_character"": ""nehoda - pouze s hmotnou škodou""}",12768
226,"{""police_cr"": ""060225000172""}","2025-02-16 10:00:00+00","2026-03-22 14:59:43.367337+00","2026-03-22 14:59:43.367337+00","2026-03-23 15:41:54.019823+00","0101000020E6100000DF76E889A59D304048B145F2E6974840","Brno",NULL,"","parking_rest","srážka - s vozidlem zaparkovaným, odstaveným","nepřichází v úvahu - nejedná se o srážku jedoucích vozidel","nesprávné otáčení nebo couvání","řidičem - motorového vozidla","property_damage",0,0,0,NULL,2,50000,NULL,"neztížené","povrch suchý - neznečištěný","ve dne - viditelnost nezhoršená vlivem povětrnostních podmínek","dobrý, bez závad",NULL,False,False,NULL,100,"{""year"": ""2025"", ""source"": ""police-cr"", ""locality"": ""v obci"", ""priority"": ""přednost nevyznačena - vyplývá z pravidel silníčního provozu"", ""direction"": ""přímý úsek"", ""unit_code"": ""16"", ""visibility"": ""dobré"", ""animal_type"": ""nejde o srážku se zvěří/zvířetem"", ""region_code"": ""06"", ""intersection"": ""mimo křižovatku"", ""district_code"": ""02"", ""obstacle_type"": ""nepříchází v úvahu - nejedná se o srážku s pevnou překážkou"", ""road_division"": ""žádná z uvedených"", ""road_position"": ""na jízdním pruhu"", ""specific_place"": ""žádné nebo žádné z uvedených"", ""traffic_control"": ""žádný způsob řízení provozu"", ""road_surface_type"": ""dlažba"", ""accident_character"": ""nehoda - pouze s hmotnou škodou""}",17100