"id","external_ids","event_time","ingested_at","first_seen","last_seen","location_geog","city","street_name","road_number","road_type_code","accident_type","accident_subtype","cause_primary","cause_secondary","severity","fatalities_count","serious_injuries","minor_injuries","persons_involved","vehicles_involved","damage_czk","damage_category","weather_condition","road_surface","light_condition","road_condition","vehicle_types","alcohol_involved","drugs_involved","alcohol_level","quality_score","raw","segment_id"
278,"{""police_cr"": ""060225000219""}","2025-02-25 23:00:00+00","2026-03-22 14:59:44.296989+00","2026-03-22 14:59:44.296989+00","2026-03-23 15:41:55.626999+00","0101000020E610000027C9F1B4FCA03040561D69C8C5934840","Brno",NULL,"","street","srážka - s pevnou překážkou","nepřichází v úvahu - nejedná se o srážku jedoucích vozidel","řidič se plně nevěnoval řízení vozidla","řidičem - motorového vozidla","property_damage",0,0,0,NULL,1,20000,NULL,"neztížené","povrch suchý - neznečištěný","ve dne - viditelnost nezhoršená vlivem povětrnostních podmínek","dobrý, bez závad",NULL,False,False,NULL,100,"{""year"": ""2025"", ""source"": ""police-cr"", ""locality"": ""v obci"", ""priority"": ""žádná místní úprava"", ""direction"": ""přímý úsek"", ""unit_code"": ""16"", ""visibility"": ""dobré"", ""animal_type"": ""nejde o srážku se zvěří/zvířetem"", ""region_code"": ""06"", ""intersection"": ""mimo křižovatku"", ""district_code"": ""02"", ""obstacle_type"": ""jiná překážka - (zábradlí, oplocení, násep, nástupní ostrůvek apod.)"", ""road_division"": ""dvoupruhová"", ""road_position"": ""mimo komunikaci"", ""specific_place"": ""parkoviště přiléhající ke komunikaci"", ""traffic_control"": ""žádný způsob řízení provozu"", ""road_surface_type"": ""dlažba"", ""accident_character"": ""nehoda - pouze s hmotnou škodou""}",24281
279,"{""police_cr"": ""060225000214""}","2025-02-25 23:00:00+00","2026-03-22 14:59:44.321572+00","2026-03-22 14:59:44.321572+00","2026-03-23 15:41:55.660613+00","0101000020E610000056736EC5609030404C960A1592964840","Brno",NULL,"","parking_rest","srážka - s vozidlem zaparkovaným, odstaveným","nepřichází v úvahu - nejedná se o srážku jedoucích vozidel","řidič se plně nevěnoval řízení vozidla","řidičem - motorového vozidla","property_damage",0,0,0,NULL,2,30000,NULL,"neztížené","povrch suchý - neznečištěný","ve dne - zhoršená viditelnost (svítání, soumrak)","dobrý, bez závad",NULL,False,False,NULL,100,"{""year"": ""2025"", ""source"": ""police-cr"", ""locality"": ""v obci"", ""priority"": ""přednost nevyznačena - vyplývá z pravidel silníčního provozu"", ""direction"": ""zatáčka"", ""unit_code"": ""18"", ""visibility"": ""dobré"", ""animal_type"": ""nejde o srážku se zvěří/zvířetem"", ""region_code"": ""06"", ""intersection"": ""mimo křižovatku"", ""district_code"": ""02"", ""obstacle_type"": ""nepříchází v úvahu - nejedná se o srážku s pevnou překážkou"", ""road_division"": ""žádná z uvedených"", ""road_position"": ""na jízdním pruhu"", ""specific_place"": ""žádné nebo žádné z uvedených"", ""traffic_control"": ""žádný způsob řízení provozu"", ""road_surface_type"": ""dlažba"", ""accident_character"": ""nehoda - pouze s hmotnou škodou""}",8173
280,"{""police_cr"": ""060225000215""}","2025-02-26 14:25:00+00","2026-03-22 14:59:44.340625+00","2026-03-22 14:59:44.340625+00","2026-03-23 15:41:55.695197+00","0101000020E6100000EA2AD34237AE3040AEB84DE697954840","Brno",NULL,"","street","srážka - s jedoucím nekolejovým vozidlem","zezadu","řidič se plně nevěnoval řízení vozidla","řidičem - motorového vozidla","property_damage",0,0,0,NULL,2,100000,NULL,"neztížené","povrch suchý - neznečištěný","ve dne - viditelnost nezhoršená vlivem povětrnostních podmínek","dobrý, bez závad",NULL,False,False,NULL,100,"{""year"": ""2025"", ""source"": ""police-cr"", ""locality"": ""v obci"", ""priority"": ""žádná místní úprava"", ""direction"": ""přímý úsek"", ""unit_code"": ""13"", ""visibility"": ""dobré"", ""animal_type"": ""nejde o srážku se zvěří/zvířetem"", ""region_code"": ""06"", ""intersection"": ""mimo křižovatku"", ""district_code"": ""02"", ""obstacle_type"": ""nepříchází v úvahu - nejedná se o srážku s pevnou překážkou"", ""road_division"": ""dvoupruhová"", ""road_position"": ""na jízdním pruhu"", ""specific_place"": ""žádné nebo žádné z uvedených"", ""traffic_control"": ""žádný způsob řízení provozu"", ""road_surface_type"": ""živice"", ""accident_character"": ""nehoda - pouze s hmotnou škodou""}",23844
281,"{""police_cr"": ""060225000105""}","2025-01-28 23:00:00+00","2026-03-22 14:59:44.349521+00","2026-03-22 14:59:44.349521+00","2026-03-23 15:41:55.738813+00","0101000020E610000051F8E67AB89A304003C73073E3964840","Brno",NULL,"","parking_rest","srážka - s vozidlem zaparkovaným, odstaveným","nepřichází v úvahu - nejedná se o srážku jedoucích vozidel","řidič se plně nevěnoval řízení vozidla","řidičem - motorového vozidla","property_damage",0,0,0,NULL,2,55000,NULL,"jiné ztížené","povrch suchý - neznečištěný","ve dne - zhoršená viditelnost vlivem povětrnostních podmínek (mlha, sněžení, déšť apod.)","dobrý, bez závad",NULL,False,False,NULL,100,"{""year"": ""2025"", ""source"": ""police-cr"", ""locality"": ""v obci"", ""priority"": ""žádná místní úprava"", ""direction"": ""přímý úsek"", ""unit_code"": ""18"", ""visibility"": ""dobré"", ""animal_type"": ""nejde o srážku se zvěří/zvířetem"", ""region_code"": ""06"", ""intersection"": ""mimo křižovatku"", ""district_code"": ""02"", ""obstacle_type"": ""nepříchází v úvahu - nejedná se o srážku s pevnou překážkou"", ""road_division"": ""žádná z uvedených"", ""road_position"": ""na jízdním pruhu"", ""specific_place"": ""žádné nebo žádné z uvedených"", ""traffic_control"": ""žádný způsob řízení provozu"", ""road_surface_type"": ""živice"", ""accident_character"": ""nehoda - pouze s hmotnou škodou""}",6710
282,"{""police_cr"": ""060225000213""}","2025-02-25 07:00:00+00","2026-03-22 14:59:44.360898+00","2026-03-22 14:59:44.360898+00","2026-03-23 15:41:55.779169+00","0101000020E61000003BFF195467A330409A76FBA781994840","Brno","Filipínského","","street","srážka - s vozidlem zaparkovaným, odstaveným","nepřichází v úvahu - nejedná se o srážku jedoucích vozidel","vyhýbání bez dostatečného bočního odstupu (vůle)","řidičem - motorového vozidla","property_damage",0,0,0,NULL,2,15000,NULL,"neztížené","povrch suchý - neznečištěný","ve dne - viditelnost nezhoršená vlivem povětrnostních podmínek","dobrý, bez závad",NULL,False,False,NULL,100,"{""year"": ""2025"", ""source"": ""police-cr"", ""locality"": ""v obci"", ""priority"": ""žádná místní úprava"", ""direction"": ""přímý úsek"", ""unit_code"": ""13"", ""visibility"": ""dobré"", ""animal_type"": ""nejde o srážku se zvěří/zvířetem"", ""region_code"": ""06"", ""intersection"": ""mimo křižovatku"", ""district_code"": ""02"", ""obstacle_type"": ""nepříchází v úvahu - nejedná se o srážku s pevnou překážkou"", ""road_division"": ""dvoupruhová"", ""road_position"": ""na jízdním pruhu"", ""specific_place"": ""parkoviště přiléhající ke komunikaci"", ""traffic_control"": ""žádný způsob řízení provozu"", ""road_surface_type"": ""živice"", ""accident_character"": ""nehoda - pouze s hmotnou škodou""}",17676
283,"{""police_cr"": ""060225000225""}","2025-02-27 21:05:00+00","2026-03-22 14:59:44.410885+00","2026-03-22 14:59:44.410885+00","2026-03-23 15:41:55.817116+00","0101000020E61000003B9A082F24A23040C8124C938F9B4840","Brno","Husovický tunel","","street","srážka - s pevnou překážkou","nepřichází v úvahu - nejedná se o srážku jedoucích vozidel","nepřizpůsobení rychlosti - dopravně technickému stavu vozovky (zatáčka, klesání, stoupání, šířka vozovky apod.)","řidičem - motorového vozidla","minor",0,0,1,NULL,1,300000,NULL,"neztížené","povrch suchý - neznečištěný","v noci - s veřejným osvětlením, viditelnost nezhoršená vlivem povětrnostních podmínek","dobrý, bez závad",NULL,True,False,NULL,100,"{""year"": ""2025"", ""source"": ""police-cr"", ""locality"": ""v obci"", ""priority"": ""žádná místní úprava"", ""direction"": ""zatáčka"", ""unit_code"": ""12"", ""visibility"": ""dobré"", ""animal_type"": ""nejde o srážku se zvěří/zvířetem"", ""region_code"": ""06"", ""intersection"": ""mimo křižovatku"", ""district_code"": ""02"", ""obstacle_type"": ""zeď, pevná část mostů, - podjezdů, tunelů apod."", ""road_division"": ""čtyřpruhová s dělícím pásem"", ""road_position"": ""na jízdním pruhu"", ""specific_place"": ""51"", ""traffic_control"": ""žádný způsob řízení provozu"", ""road_surface_type"": ""živice"", ""accident_character"": ""nehoda - s následky na životě""}",19910
284,"{""police_cr"": ""060225000217""}","2025-02-26 23:00:00+00","2026-03-22 14:59:44.424446+00","2026-03-22 14:59:44.424446+00","2026-03-23 15:41:55.861509+00","0101000020E6100000089D8F9FDAAA3040F215C70A52974840","Brno",NULL,"","parking_rest","srážka - s vozidlem zaparkovaným, odstaveným","nepřichází v úvahu - nejedná se o srážku jedoucích vozidel","řidič se plně nevěnoval řízení vozidla","řidičem - motorového vozidla","property_damage",0,0,0,NULL,2,10000,NULL,"neztížené","povrch suchý - neznečištěný","ve dne - viditelnost nezhoršená vlivem povětrnostních podmínek","dobrý, bez závad",NULL,False,False,NULL,100,"{""year"": ""2025"", ""source"": ""police-cr"", ""locality"": ""v obci"", ""priority"": ""žádná místní úprava"", ""direction"": ""přímý úsek"", ""unit_code"": ""13"", ""visibility"": ""dobré"", ""animal_type"": ""nejde o srážku se zvěří/zvířetem"", ""region_code"": ""06"", ""intersection"": ""mimo křižovatku"", ""district_code"": ""02"", ""obstacle_type"": ""nepříchází v úvahu - nejedná se o srážku s pevnou překážkou"", ""road_division"": ""žádná z uvedených"", ""road_position"": ""na jízdním pruhu"", ""specific_place"": ""žádné nebo žádné z uvedených"", ""traffic_control"": ""žádný způsob řízení provozu"", ""road_surface_type"": ""dlažba"", ""accident_character"": ""nehoda - pouze s hmotnou škodou""}",22550
285,"{""police_cr"": ""060225000218""}","2025-02-26 23:00:00+00","2026-03-22 14:59:44.458089+00","2026-03-22 14:59:44.458089+00","2026-03-23 15:41:55.895829+00","0101000020E6100000D7790CB013B0304050324ABC15974840","Brno","Rousínovská","","street","srážka - s vozidlem zaparkovaným, odstaveným","nepřichází v úvahu - nejedná se o srážku jedoucích vozidel","řidič se plně nevěnoval řízení vozidla","řidičem - motorového vozidla","property_damage",0,0,0,NULL,2,10000,NULL,"neztížené","povrch suchý - neznečištěný","ve dne - viditelnost nezhoršená vlivem povětrnostních podmínek","dobrý, bez závad",NULL,False,False,NULL,100,"{""year"": ""2025"", ""source"": ""police-cr"", ""locality"": ""v obci"", ""priority"": ""žádná místní úprava"", ""direction"": ""přímý úsek"", ""unit_code"": ""13"", ""visibility"": ""dobré"", ""animal_type"": ""nejde o srážku se zvěří/zvířetem"", ""region_code"": ""06"", ""intersection"": ""mimo křižovatku"", ""district_code"": ""02"", ""obstacle_type"": ""nepříchází v úvahu - nejedná se o srážku s pevnou překážkou"", ""road_division"": ""dvoupruhová"", ""road_position"": ""na jízdním pruhu"", ""specific_place"": ""parkoviště přiléhající ke komunikaci"", ""traffic_control"": ""žádný způsob řízení provozu"", ""road_surface_type"": ""dlažba"", ""accident_character"": ""nehoda - pouze s hmotnou škodou""}",22060
286,"{""police_cr"": ""060225000221""}","2025-02-24 23:00:00+00","2026-03-22 14:59:44.492294+00","2026-03-22 14:59:44.492294+00","2026-03-23 15:41:55.939603+00","0101000020E61000004761D401499530406F13F765989B4840","Brno","Voroněžská","","parking_rest","srážka - s vozidlem zaparkovaným, odstaveným","nepřichází v úvahu - nejedná se o srážku jedoucích vozidel","řidič se plně nevěnoval řízení vozidla","řidičem - motorového vozidla","property_damage",0,0,0,NULL,2,10000,NULL,"neztížené","povrch suchý - neznečištěný","ve dne - viditelnost nezhoršená vlivem povětrnostních podmínek","dobrý, bez závad",NULL,False,False,NULL,100,"{""year"": ""2025"", ""source"": ""police-cr"", ""locality"": ""v obci"", ""priority"": ""žádná místní úprava"", ""direction"": ""přímý úsek"", ""unit_code"": ""11"", ""visibility"": ""dobré"", ""animal_type"": ""nejde o srážku se zvěří/zvířetem"", ""region_code"": ""06"", ""intersection"": ""mimo křižovatku"", ""district_code"": ""02"", ""obstacle_type"": ""nepříchází v úvahu - nejedná se o srážku s pevnou překážkou"", ""road_division"": ""žádná z uvedených"", ""road_position"": ""na jízdním pruhu"", ""specific_place"": ""žádné nebo žádné z uvedených"", ""traffic_control"": ""žádný způsob řízení provozu"", ""road_surface_type"": ""živice"", ""accident_character"": ""nehoda - pouze s hmotnou škodou""}",14680
287,"{""police_cr"": ""060225000226""}","2025-02-28 04:00:00+00","2026-03-22 14:59:44.503551+00","2026-03-22 14:59:44.503551+00","2026-03-23 15:41:55.971777+00","0101000020E6100000440D2CAE97AD304097C6811B91954840","Brno","Tuřanka","","street","srážka - s lesní zvěří","nepřichází v úvahu - nejedná se o srážku jedoucích vozidel","nezaviněná řidičem","lesní zvěří, domácím zvířectvem","property_damage",0,0,0,NULL,1,20000,NULL,"neztížené","povrch suchý - neznečištěný","v noci - s veřejným osvětlením, viditelnost nezhoršená vlivem povětrnostních podmínek","dobrý, bez závad",NULL,False,False,NULL,100,"{""year"": ""2025"", ""source"": ""police-cr"", ""locality"": ""v obci"", ""priority"": ""žádná místní úprava"", ""direction"": ""přímý úsek"", ""unit_code"": ""13"", ""visibility"": ""dobré"", ""animal_type"": ""zajíc"", ""region_code"": ""06"", ""intersection"": ""mimo křižovatku"", ""district_code"": ""02"", ""obstacle_type"": ""nepříchází v úvahu - nejedná se o srážku s pevnou překážkou"", ""road_division"": ""dvoupruhová"", ""road_position"": ""na jízdním pruhu"", ""specific_place"": ""žádné nebo žádné z uvedených"", ""traffic_control"": ""žádný způsob řízení provozu"", ""road_surface_type"": ""živice"", ""accident_character"": ""nehoda - pouze s hmotnou škodou""}",23828
288,"{""police_cr"": ""060225000121""}","2025-01-28 23:00:00+00","2026-03-22 14:59:44.515677+00","2026-03-22 14:59:44.515677+00","2026-03-23 15:41:56.006259+00","0101000020E6100000F37B50C4CC9B3040A0F2A357179B4840","Brno",NULL,"","parking_rest","srážka - s vozidlem zaparkovaným, odstaveným","nepřichází v úvahu - nejedná se o srážku jedoucích vozidel","řidič se plně nevěnoval řízení vozidla","řidičem - motorového vozidla","property_damage",0,0,0,NULL,2,1000,NULL,"neztížené","povrch suchý - neznečištěný","ve dne - viditelnost nezhoršená vlivem povětrnostních podmínek","dobrý, bez závad",NULL,False,False,NULL,100,"{""year"": ""2025"", ""source"": ""police-cr"", ""locality"": ""v obci"", ""priority"": ""žádná místní úprava"", ""direction"": ""přímý úsek"", ""unit_code"": ""14"", ""visibility"": ""dobré"", ""animal_type"": ""nejde o srážku se zvěří/zvířetem"", ""region_code"": ""06"", ""intersection"": ""mimo křižovatku"", ""district_code"": ""02"", ""obstacle_type"": ""nepříchází v úvahu - nejedná se o srážku s pevnou překážkou"", ""road_division"": ""žádná z uvedených"", ""road_position"": ""na jízdním pruhu"", ""specific_place"": ""žádné nebo žádné z uvedených"", ""traffic_control"": ""žádný způsob řízení provozu"", ""road_surface_type"": ""živice"", ""accident_character"": ""nehoda - pouze s hmotnou škodou""}",14213
289,"{""police_cr"": ""060225000222""}","2025-02-27 15:20:00+00","2026-03-22 14:59:44.5374+00","2026-03-22 14:59:44.5374+00","2026-03-23 15:41:56.051552+00","0101000020E61000007B089771E8933040B563F3996AA14840","Brno",NULL,"","parking_rest","srážka - s jedoucím nekolejovým vozidlem","z boku","při odbočování vlevo","řidičem - motorového vozidla","property_damage",0,0,0,NULL,2,120000,NULL,"neztížené","povrch suchý - neznečištěný","ve dne - viditelnost nezhoršená vlivem povětrnostních podmínek","dobrý, bez závad",NULL,True,False,NULL,100,"{""year"": ""2025"", ""source"": ""police-cr"", ""locality"": ""v obci"", ""priority"": ""přednost vyznačena přenosnými dopravními značkami nebo zařízením"", ""direction"": ""křižovatka styková - tříramenná"", ""unit_code"": ""14"", ""visibility"": ""dobré"", ""animal_type"": ""nejde o srážku se zvěří/zvířetem"", ""region_code"": ""06"", ""intersection"": ""na kžižovatce - jedná-li se o křížení místních komunikací, účelových komunikací nebo jde o mezilehlou křižovatku (na sledovaném úseku ve sledovaných městech)"", ""district_code"": ""02"", ""obstacle_type"": ""nepříchází v úvahu - nejedná se o srážku s pevnou překážkou"", ""road_division"": ""dvoupruhová"", ""road_position"": ""na jízdním pruhu"", ""specific_place"": ""žádné nebo žádné z uvedených"", ""traffic_control"": ""místní úprava"", ""intersecting_road"": ""6"", ""road_surface_type"": ""živice"", ""accident_character"": ""nehoda - pouze s hmotnou škodou""}",1659
290,"{""police_cr"": ""060225000269""}","2025-03-07 09:10:00+00","2026-03-22 14:59:44.572937+00","2026-03-22 14:59:44.572937+00","2026-03-23 15:41:56.085532+00","0101000020E6100000162E3B58679B30404029C01D95994840","Brno","Moravské náměstí","","street","srážka - s chodcem","nepřichází v úvahu - nejedná se o srážku jedoucích vozidel","nezaviněná řidičem","chodcem","minor",0,0,1,NULL,1,55000,NULL,"neztížené","povrch suchý - neznečištěný","ve dne - viditelnost nezhoršená vlivem povětrnostních podmínek","dobrý, bez závad",NULL,False,False,NULL,100,"{""year"": ""2025"", ""source"": ""police-cr"", ""locality"": ""v obci"", ""priority"": ""žádná místní úprava"", ""direction"": ""přímý úsek"", ""unit_code"": ""10"", ""visibility"": ""dobré"", ""animal_type"": ""nejde o srážku se zvěří/zvířetem"", ""region_code"": ""06"", ""intersection"": ""mimo křižovatku"", ""district_code"": ""02"", ""obstacle_type"": ""nepříchází v úvahu - nejedná se o srážku s pevnou překážkou"", ""road_division"": ""čtyřpruhová s dělící čarou"", ""road_position"": ""na jízdním pruhu"", ""specific_place"": ""žádné nebo žádné z uvedených"", ""traffic_control"": ""žádný způsob řízení provozu"", ""road_surface_type"": ""živice"", ""accident_character"": ""nehoda - s následky na životě""}",16360
291,"{""police_cr"": ""060225000223""}","2025-02-27 16:09:00+00","2026-03-22 14:59:44.617527+00","2026-03-22 14:59:44.617527+00","2026-03-23 15:41:56.129085+00","0101000020E61000006C1785E2A29C30405D0788DE72984840","Brno",NULL,"","street","srážka - s chodcem","nepřichází v úvahu - nejedná se o srážku jedoucích vozidel","nezaviněná řidičem","chodcem","minor",0,0,1,NULL,1,0,NULL,"neztížené","povrch suchý - neznečištěný","ve dne - viditelnost nezhoršená vlivem povětrnostních podmínek","dobrý, bez závad",NULL,False,False,NULL,100,"{""year"": ""2025"", ""source"": ""police-cr"", ""locality"": ""v obci"", ""priority"": ""žádná místní úprava"", ""direction"": ""přímý úsek"", ""unit_code"": ""10"", ""visibility"": ""dobré"", ""animal_type"": ""nejde o srážku se zvěří/zvířetem"", ""region_code"": ""06"", ""intersection"": ""mimo křižovatku"", ""district_code"": ""02"", ""obstacle_type"": ""nepříchází v úvahu - nejedná se o srážku s pevnou překážkou"", ""road_division"": ""žádná z uvedených"", ""road_position"": ""na kolejích tramvaje"", ""specific_place"": ""zastávka tramvaje, autobusu, trolejbusu bez nástup. ostrůvku"", ""traffic_control"": ""žádný způsob řízení provozu"", ""road_surface_type"": ""panely"", ""accident_character"": ""nehoda - s následky na životě""}",17051
292,"{""police_cr"": ""060225000220""}","2025-02-27 11:55:00+00","2026-03-22 14:59:44.62805+00","2026-03-22 14:59:44.62805+00","2026-03-23 15:41:56.171317+00","0101000020E610000046C1ADD016923040F7E4CBF90A9B4840","Brno","VMO Dobrovského","","street","srážka - s jedoucím nekolejovým vozidlem","boční","řidič se plně nevěnoval řízení vozidla","řidičem - motorového vozidla","property_damage",0,0,0,NULL,2,25000,NULL,"neztížené","povrch suchý - neznečištěný","ve dne - viditelnost nezhoršená vlivem povětrnostních podmínek","dobrý, bez závad",NULL,False,False,NULL,100,"{""year"": ""2025"", ""source"": ""police-cr"", ""locality"": ""v obci"", ""priority"": ""žádná místní úprava"", ""direction"": ""zatáčka"", ""unit_code"": ""11"", ""visibility"": ""dobré"", ""animal_type"": ""nejde o srážku se zvěří/zvířetem"", ""region_code"": ""06"", ""intersection"": ""mimo křižovatku"", ""district_code"": ""02"", ""obstacle_type"": ""nepříchází v úvahu - nejedná se o srážku s pevnou překážkou"", ""road_division"": ""dvoupruhová"", ""road_position"": ""na jízdním pruhu"", ""specific_place"": ""žádné nebo žádné z uvedených"", ""traffic_control"": ""žádný způsob řízení provozu"", ""road_surface_type"": ""živice"", ""accident_character"": ""nehoda - pouze s hmotnou škodou""}",14881
293,"{""police_cr"": ""060225000203""}","2025-02-24 13:03:00+00","2026-03-22 14:59:44.637897+00","2026-03-22 14:59:44.637897+00","2026-03-23 15:41:56.205227+00","0101000020E610000085CBB7A7679A30404B8240CA78994840","Brno","Veveří","","street","srážka - s vozidlem zaparkovaným, odstaveným","nepřichází v úvahu - nejedná se o srážku jedoucích vozidel","řidič se plně nevěnoval řízení vozidla","řidičem - motorového vozidla","property_damage",0,0,0,NULL,2,20000,NULL,"neztížené","povrch suchý - neznečištěný","ve dne - viditelnost nezhoršená vlivem povětrnostních podmínek","dobrý, bez závad",NULL,False,False,NULL,100,"{""year"": ""2025"", ""source"": ""police-cr"", ""locality"": ""v obci"", ""priority"": ""žádná místní úprava"", ""direction"": ""přímý úsek"", ""unit_code"": ""11"", ""visibility"": ""dobré"", ""animal_type"": ""nejde o srážku se zvěří/zvířetem"", ""region_code"": ""06"", ""intersection"": ""mimo křižovatku"", ""district_code"": ""02"", ""obstacle_type"": ""nepříchází v úvahu - nejedná se o srážku s pevnou překážkou"", ""road_division"": ""dvoupruhová"", ""road_position"": ""na jízdním pruhu"", ""specific_place"": ""žádné nebo žádné z uvedených"", ""traffic_control"": ""žádný způsob řízení provozu"", ""road_surface_type"": ""živice"", ""accident_character"": ""nehoda - pouze s hmotnou škodou""}",16286
294,"{""police_cr"": ""060225000224""}","2025-02-27 16:59:00+00","2026-03-22 14:59:44.648696+00","2026-03-22 14:59:44.648696+00","2026-03-23 15:41:56.240492+00","0101000020E6100000F02DF9FCA4A43040BD82DFD9159B4840","Brno","Karlova","","street","srážka - s jedoucím nekolejovým vozidlem","čelní","jízda na ""červenou"" 3-barevného semaforu","řidičem - motorového vozidla","property_damage",0,0,0,NULL,2,70000,NULL,"neztížené","povrch suchý - neznečištěný","v noci - s veřejným osvětlením, viditelnost nezhoršená vlivem povětrnostních podmínek","dobrý, bez závad",NULL,False,False,NULL,100,"{""year"": ""2025"", ""source"": ""police-cr"", ""locality"": ""v obci"", ""priority"": ""žádná místní úprava"", ""direction"": ""křižovatka styková - tříramenná"", ""unit_code"": ""12"", ""visibility"": ""dobré"", ""animal_type"": ""nejde o srážku se zvěří/zvířetem"", ""region_code"": ""06"", ""intersection"": ""na kžižovatce - jedná-li se o křížení místních komunikací, účelových komunikací nebo jde o mezilehlou křižovatku (na sledovaném úseku ve sledovaných městech)"", ""district_code"": ""02"", ""obstacle_type"": ""nepříchází v úvahu - nejedná se o srážku s pevnou překážkou"", ""road_division"": ""dvoupruhová"", ""road_position"": ""na jízdním pruhu"", ""specific_place"": ""žádné nebo žádné z uvedených"", ""traffic_control"": ""světelným signalizačním zařízením"", ""intersecting_road"": ""6"", ""road_surface_type"": ""živice"", ""accident_character"": ""nehoda - pouze s hmotnou škodou""}",19318
295,"{""police_cr"": ""060225000227""}","2025-02-28 05:15:00+00","2026-03-22 14:59:44.658433+00","2026-03-22 14:59:44.658433+00","2026-03-23 15:41:56.271895+00","0101000020E6100000AC3AFB0EAF9F304016E1CE1ED09A4840","Brno","Merhautova","","street","srážka - s jedoucím nekolejovým vozidlem","zezadu","nedodržení bezpečné vzdálenosti za vozidlem","řidičem - motorového vozidla","minor",0,0,1,NULL,2,80000,NULL,"neztížené","povrch suchý - neznečištěný","ve dne - zhoršená viditelnost (svítání, soumrak)","dobrý, bez závad",NULL,False,False,NULL,100,"{""year"": ""2025"", ""source"": ""police-cr"", ""locality"": ""v obci"", ""priority"": ""žádná místní úprava"", ""direction"": ""přímý úsek"", ""unit_code"": ""12"", ""visibility"": ""dobré"", ""animal_type"": ""nejde o srážku se zvěří/zvířetem"", ""region_code"": ""06"", ""intersection"": ""mimo křižovatku"", ""district_code"": ""02"", ""obstacle_type"": ""nepříchází v úvahu - nejedná se o srážku s pevnou překážkou"", ""road_division"": ""žádná z uvedených"", ""road_position"": ""na jízdním pruhu"", ""specific_place"": ""žádné nebo žádné z uvedených"", ""traffic_control"": ""žádný způsob řízení provozu"", ""road_surface_type"": ""živice"", ""accident_character"": ""nehoda - s následky na životě""}",13674
296,"{""police_cr"": ""060225000228""}","2025-02-27 23:00:00+00","2026-03-22 14:59:44.69189+00","2026-03-22 14:59:44.69189+00","2026-03-23 15:41:56.306619+00","0101000020E610000005184DD9CF92304077FBF953A4954840","Brno",NULL,"","street","srážka - s vozidlem zaparkovaným, odstaveným","nepřichází v úvahu - nejedná se o srážku jedoucích vozidel","řidič se plně nevěnoval řízení vozidla","řidičem - motorového vozidla","property_damage",0,0,0,NULL,2,10000,NULL,"neztížené","povrch suchý - neznečištěný","ve dne - zhoršená viditelnost (svítání, soumrak)","dobrý, bez závad",NULL,False,False,NULL,100,"{""year"": ""2025"", ""source"": ""police-cr"", ""locality"": ""v obci"", ""priority"": ""žádná místní úprava"", ""direction"": ""přímý úsek"", ""unit_code"": ""18"", ""visibility"": ""dobré"", ""animal_type"": ""nejde o srážku se zvěří/zvířetem"", ""region_code"": ""06"", ""intersection"": ""mimo křižovatku"", ""district_code"": ""02"", ""obstacle_type"": ""nepříchází v úvahu - nejedná se o srážku s pevnou překážkou"", ""road_division"": ""žádná z uvedených"", ""road_position"": ""žádné z uvedených"", ""specific_place"": ""parkoviště přiléhající ke komunikaci"", ""traffic_control"": ""žádný způsob řízení provozu"", ""road_surface_type"": ""živice"", ""accident_character"": ""nehoda - pouze s hmotnou škodou""}",5636
297,"{""police_cr"": ""060225000230""}","2025-02-28 14:44:00+00","2026-03-22 14:59:44.736647+00","2026-03-22 14:59:44.736647+00","2026-03-23 15:41:56.35018+00","0101000020E610000082EF6BB77FA53040D1E5A26DFD984840","Brno","Otakara Ševčíka","","street","srážka - s jedoucím nekolejovým vozidlem","zezadu","nedodržení bezpečné vzdálenosti za vozidlem","řidičem - motorového vozidla","property_damage",0,0,0,NULL,2,50000,NULL,"neztížené","povrch suchý - neznečištěný","ve dne - viditelnost nezhoršená vlivem povětrnostních podmínek","dobrý, bez závad",NULL,True,False,NULL,100,"{""year"": ""2025"", ""source"": ""police-cr"", ""locality"": ""v obci"", ""priority"": ""žádná místní úprava"", ""direction"": ""přímý úsek"", ""unit_code"": ""13"", ""visibility"": ""dobré"", ""animal_type"": ""nejde o srážku se zvěří/zvířetem"", ""region_code"": ""06"", ""intersection"": ""mimo křižovatku"", ""district_code"": ""02"", ""obstacle_type"": ""nepříchází v úvahu - nejedná se o srážku s pevnou překážkou"", ""road_division"": ""třípruhová"", ""road_position"": ""na odbočovacím, připojovacím pruhu"", ""specific_place"": ""žádné nebo žádné z uvedených"", ""traffic_control"": ""světelným signalizačním zařízením"", ""road_surface_type"": ""živice"", ""accident_character"": ""nehoda - pouze s hmotnou škodou""}",17931